Feature ID	mv	Degree Centrality	Betweenness Centrality	Closeness Centrality	Eigenvector Centrality	Assortativity	Weight to covariate	Path Length to covariate
#q2:types	numeric	numeric	numeric	numeric	numeric	numeric	numeric	numeric
TACGGAGGATCCGAGCGTTATCCGGATTTATTGGGTTTAAAGGGAGCGTAGATGGATGTTTAAGTCAGTTGTGAAAGTTTGCGGCTCAACCGTAAAATTGCAGTTGATACTGGATATCTTGAGTGCAGTTGAGGCAGGCGGAATTCGTGG	0	0.0247349823321555	0.0049418562110665	0.117351466841976	0.180899325569732	12.7142857142857	-0.298906453903233	1
TACGGAGGATCCGAGCGTTATCCGGATTTATTGGGTTTAAAGGGTGCGTAGGCGGCCTTTTAAGTCAGCGGTGAAAGTCTGTGGCTCAACCATAGAATTGCCGTTGAAACTGGGGGGCTTGAGTATGTTTGAGGCAGGCGGAATGCGTGG	0	0.0371024734982332	0.00779530674707501	0.122478472674877	0.105381680224437	7.23809523809524	0.194983405016949	1
TACGGAGGGTGCAAGCGTTAATCGGAATTACTGGGCGTAAAGCGCACGCAGGCGGTTTGTTAAGTCAGATGTGAAATCCCCGGGCTCAACCTGGGAACTGCATCTGATACTGGCAAGCTTGAGTCTCGTAGAGGGGGGTAGAATTCCAGG	0	0.0176678445229682	0.00347957799560415	0.108752436944072	0.0525949321773935	10.1	-0.3576154031342	1
AACGTAGGGTGCAAGCGTTGTCCGGAATTACTGGGTGTAAAGGGAGCGCAGGCGGACCGGCAAGTTGGAAGTGAAAACTATGGGCTCAACCCATAAATTGCTTTCAAAACTGCTGGCCTTGAGTAGTGCAGAGGTAGGTGGAATTCCCGG	0	0.0141342756183746	0.00227360446800797	0.111887207853768	0.0622081940187843	12.5	-0.360660878505223	1
TACGTAGGGGGCAAGCGTTATCCGGATTTACTGGGTGTAAAGGGAGCGTAGACGGTAAAGCAAGTCTGAAGTGAAAGCCCGCGGCTCAACTGCGGGACTGCTTTGGAAACTGTTTAACTGGAGTGTCGGAGAGGTAAGTGGAATTCCTAG	0	0.0123674911660777	0.00324280891329881	0.110177141358187	0.0487012687568974	11.8571428571429	0.244840076475403	1
TACGTAGGGGGCAAGCGTTATCCGGATTTACTGGGTGTAAAGGGAGCGTAGACGGCATGGCAAGCCAGATGTGAAAGCCCGGGGCTCAACCCCGGGACTGCATTTGGAACTGTCAGGCTAGAGTGTCGGAGAGGAAAGCGGAATTCCTAG	0	0.00530035335689046	0	0.0879113775993893	0.0173843006438016	13	-0.344752239329231	1
TACGTAGGTGGCAAGCGTTATCCGGATTTACTGGGTGTAAAGGGCGTGTAGGCGGGATTGCAAGTCAGATGTGAAAACTGGGGGCTCAACCTCCAGCCTGCATTTGAAACTGTAGTTCTTGAGTGCTGGAGAGGCAATCGGAATTCCGTG	0	0.0212014134275618	0.00398483901342786	0.106458081734282	0.0518636283172719	7.33333333333333	-0.532775703427457	1
TACGTAGGTGGCAAGCGTTGTCCGGATTTACTGGGTGTAAAGGGCGTGCAGCCGGGCCGGCAAGTCAGATGTGAAATCTGGAGGCTTAACCTCCAAACTGCATTTGAAACTGTAGGTCTTGAGTACCGGAGAGGTTATCGGAATTCCTTG	0	0.0282685512367491	0.00730255322518626	0.117079189656727	0.165461399743165	9.3125	0.223421293994834	1
TACGTAGGGGGCGAGCGTTATCCGGATTCATTGGGCGTAAAGCGCGCGTAGGCGGCCCGGCAGGCCGGGGGTCGAAGCGGGGGGCTCAACCCCCCGAAGCCCCCGGAACCTCCGCGGCTTGGGTCCGGTAGGGGAGGGTGGAACACCCGG	0	0.0088339222614841	0.000692636044646394	0.107593029300745	0.0346012057556527	14	-0.392253964408141	1
TACGGAAGATGCGAGCGTTATCCGGATTTATTGGGTTTAAAGGGTGCGTAGGCGGAAGAATAAGTCAGCGGTGAAATGCTTCAGCTCAACTGGAGAATTGCCGATGAAACTGTTTTTCTAGAGTATAAAAGAGGTATGCGGAATGCGTGG	0	0.00176678445229682	0	0.0831320111071655	0.00696258778931453	16	0.54033827978805	1
TACGTAGGGGGCGAGCGTTATCCGGATTCATTGGGCGTAAAGCGCGCGTAGGCGGCCGCCTAAGCGGAACCTCTAATCCCGGGGCTCAACCTCGGGCCGGGTTCCGGACTGGGCGGCTCGAGTGCGGTAGAGGCAGGCGGAATTCCCGGT	0	0.00353356890459364	2.03764482040851e-05	0.0915809995318502	0.0138373690119792	13	-0.483462485422594	1
AACGTAGGTGGCAAGCGTTGTCCGGAATTACTGGGTGTAAAGGGAGCGCAGGCGGGAGAGCAAGTTGGGAGTGAAATCTGTGGGCTCAACCCACAAATTGCTTTCAAAACTGTTTTTCTTGAGTGGTGTAGAGGTAGGCGGAATTCCCGG	0	0.00706713780918728	0.000128668719149972	0.0871522119897228	0.0178502260162688	10.75	-0.494562777317783	1
TACGTAGGGGGCGAGCGTTATCCGGATTCATTGGGCGTAAAGCGCGCGTAGGCGGCCCGTCAAGCGGAACCTCTAACCCGAGGGCTCAACCCCCGGTCGGGTTCCGAACTGGCAGGCTCGAGTTTGGTAGAGGAAGATGGAATTCCCGGT	0	0.00353356890459364	0	0.0896290066466243	0.0132168067060096	13	0.441953742828326	1
AACGTAGGTGGCAAGCGTTGTCCGGAATTACTGGGTGTAAAGGGAGCGCAGGCGGATTTGCAAGTTGGAAGTGAAACTCATGGGCTCAACCCATGAACTGCTTTCAAAACTGCAGATCTTGAGTGGTGTAGAGGTAGGCGGAATTCCCGG	0	0.00176678445229682	0	0.0831320111071655	0.00696258778931453	16	-0.803456523923678	1
cofounder1	1	0.0176678445229682	0.0038090670148325	0.10993710401318	0.071767339777249	10.2	-0.300302363353971	1
cofounder2	1	0.0229681978798587	0.00426706418338524	0.107364107961807	0.066977382548554	7.84615384615385	-0.404006568144503	1
AACGTAGGGTGCAAGCGTTGTCCGGAATTACTGGGTGTAAAGGGAGCGCAGGCGGATTGGCAAGTTGGGAGTGAAATCTATGGGCTCAACCCATAAATTGCTTTCAAAACTGTCAGTCTTGAGTGGTGTAGAGGTAGGCGGAATTCCCGG	0	0.0441696113074205	0.00874555242313013	0.130728317984584	0.325327657534446	11.68		2
TACGTAGGGGGCAAGCGTTATCCGGATTTACTGGGTGTAAAGGGAGCGTAGACGGTGTTGCAAGTCTGATGTGAAAGGCGGGGGCTCAACCCCTGGACTGCATTGGAAACTGTGATACTCGAGTGCCGGAGAGGTAAGCGGAATTCCTAG	0	0.0265017667844523	0.00185347237765301	0.120145549385832	0.245613750503048	14.8666666666667		2
TACGTAGGGGGCAAGCGTTATCCGGATTTACTGGGTGTAAAGGGAGCGTAGACGGCGCAGCAAGTCTGATGTGAAAGGCAGGGGCTTAACCCCTGGACTGCATTGGAAACTGCTGTGCTTGAGTGCCGGAGGGGTAAGCGGAATTCCTAG	0	0.0106007067137809	0.00156913862388943	0.102772160370773	0.0349533118403707	10		2
TACGTAGGGGGCAAGCGTTATCCGGATTTACTGGGTGTAAAGGGAGCGTAGACGGAAGAGCAAGTCTGATGTGAAAGGCTGGGGCTTAACCCCAGGACTGCATTGGAAACTGTTTTTCTAGAGTGCCGGAGAGGTAAGCGGAATTCCTAG	0	0.0335689045936396	0.00393719428710309	0.119293453290897	0.264379820876114	11.4736842105263		2
TACGTAGGTGGCGAGCGTTATCCGGAATTATTGGGCGTAAAGGGTGCGCAGGCGGTTTGTTAAGTTTAAGGTGAAAGCGTGGGGCTTAACCCCATATAGCCTTAGAAACTGACAGACTAGAGTACAGGAGAGGGCAATGGAATTCCATGT	0	0.0318021201413428	0.00425046486705385	0.121009905856234	0.254107382549039	13.1111111111111		2
TACGTATGGTGCAAGCGTTATCCGGATTTACTGGGTGTAAAGGGAGCGCAGGCGGTGCGGCAAGTCTGATGTGAAAGCCCGGGGCTCAACCCCGGTACTGCATTGGAAACTGTCGTACTAGAGTGTCGGAGGGGTAAGTGGAATTCCTAG	0	0.00176678445229682	0	0.0843831617760025	0.0157630595644855	14		2
TACGTAGGGAGCAAGCGTTGTCCGGATTTACTGGGTGTAAAGGGTGCGTAGGCGGTTCGGCAAGTCAGAAGTGAAATCCATGGGCTTAACCCATGAACTGCTTTTGAAACTGTCGAACTTGAGTGAAGTAGAGGTAGGCGGAATTCCCGG	0	0.0282685512367491	0.00381530704867744	0.124903788965469	0.248564755524685	14.6875		2
TACGTAGGTGGCAAGCGTTGTCCGGAATTACTGGGTGTAAAGGGAGCGTAGGCGGGAAGACAAGTTGAATGTTTAAACTATCGGCTTAACCGGTAGTCGCGTTCAAAACTGTTTTTCTTGAGTGAAGTAGAGGCAGGCGGAATTCCTAGT	0	0.0282685512367491	0.00282607808837442	0.119860168033372	0.24691744945599	13.875		2
TACGTAGGGAGCAAGCGTTATCCGGATTTACTGGGTGTAAAGGGCGAGTAGGCGGGCTGGCAAGTTGGGAGTGAAATCCGGGGGCTTAACCCCCGAACTGCTTTCAAAACTGCTGGTCTTGAGTGATGGAGAGGCAGGCGGAATTCCGTG	0	0.00176678445229682	0	0.0843831617760025	0.0157630595644855	14		2
AACGTAGGTGGCAAGCGTTGTCCGGAATTACTGGGTGTAAAGGGAGCGCAGGCGGAACTGCAAGTTGGATGTCAAATCTACGGGCTCAACCCGTATACGCATTCAAAACTGCGGTTCTTGAGTAGTGCAGAGGTAGGCGGAATTCCCGGT	0	0.0106007067137809	0.00117612889800869	0.101736150689616	0.0405355333906933	10.5		2
TACGGAGGATCCGAGCGTTATCCGGATTTATTGGGTTTAAAGGGAGCGTAGATGGATGTTTAAGTCAGTTGTGAAAGTTTGCGGCTCAACCGTAAAATTGCAGTTGATACTGGATGTCTTGAGTGCAGTTGAGGCAGGCGGAATTCGTGG	0	0.019434628975265	0.0029068988473002	0.111393224596136	0.0635874350238598	10		2
TACGGAGGATCCGAGCGTTATCCGGATTTATTGGGTTTAAAGGGAGCGTAGGTGGATTGTTAAGTCAGTTGTGAAAGTTTGCGGCTCAACCGTAAAATTGCAGTTGAAACTGGCAGTCTTGAGTACAGTAGAGGTGGGCGGAATTCGTGG	0	0.0282685512367491	0.0079754747243504	0.11901210080672	0.0922672741827532	9.8125		2
TACGTAGGGGGCAAGCGTTATCCGGATTTACTGGGTGTAAAGGGAGCGTAGACGGCGAAGCAAGTCTGAAGTGAAAACCCAGGGCTCAACCCTGGGACTGCTTTGGAAACTGTTTTGCTAGAGTGTCGGAGAGGTAAGTGGAATTCCTAG	0	0.03886925795053	0.00805646419356149	0.123983122216338	0.2307943886525	9.90909090909091		2
TACGGAGGATCCGAGCGTTATCCGGATTTATTGGGTTTAAAGGGAGCGTAGGCGGATTATTAAGTCAGTTGTGAAAGTTTGCGGCTCAACCGTAAAATTGCAGTTGATACTGGTAGTCTTGAGTGCAGCAGAGGTAGGCGGAATTCGTGG	0	0.00353356890459364	3.67598877080283e-05	0.0989433936118617	0.0310104132130481	24.5		2
TACGGAGGATCCGAGCGTTATCCGGATTTATTGGGTTTAAAGGGAGCGTAGGCGGATTGTTAAGTCAGTTGTGAAAGTTTGCGGCTCAACCGTAAAATTGCAGTTGATACTGGCAGTCTTGAGTGCAGTAGAGGTGGGCGGAATTCGTGG	0	0.0123674911660777	0.000769846096691181	0.108752436944072	0.0786713093870666	15.8571428571429		2
TACGGAGGATCCGAGCGTTATCCGGATTTATTGGGTTTAAAGGGTGCGTAGGCGGCCTTTTAAGTCAGCGGTGAAAGTCTGTGGCTCAACCATAGAATTGCCGTTGAAACTGGGAGGCTTGAGTATGTTTGAGGCAGGCGGAATGCGTGG	0	0.0123674911660777	0.00103371003130532	0.102563273865954	0.0413662493559853	9.14285714285714		2
TACGTAGGTGGCAAGCGTTATCCGGAATTATTGGGCGTAAAGGGTGCGTAGGCGGCGAGATAAGTCTGAGGTAAAAGCCCGTGGCTCAACCACGGTAAGCCTTGGAAACTGTCTGGCTGGAGTGCAGGAGAGGACAATGGAATTCCATGT	0	0.0282685512367491	0.00715019600647432	0.127749698081138	0.17450492987781	12.75		2
TACGGAAGATGCGAGCGTTATCCGGATTTATTGGGTTTAAAGGGAGCGTAGGCGGGCTTTTAAGTCAGCGGTCAAATGTCGTGGCTCAACCATGTCAAGCCGTTGAAACTGTAAGCCTTGAGTCTGCACAGGGCACATGGAATTCGTGGT	0	0.0123674911660777	0.00143346830294747	0.102148037939371	0.0331698667527268	10		2
TACGTAGGTGACAAGCGTTGTCCGGATTTACTGGGTGTAAAGGGCGCGTAGGCGGACTGTCAAGTCAGTCGTGAAATACCGGGGCTTAACCCCGGGGCTGCGATTGAAACTGACAGCCTTGAGTATCGGAGAGGAAAGCGGAATTCCTAG	0	0.00706713780918728	0.000500814008885274	0.10153145018521	0.0517458061655509	16		2
AACGTAGGGTGCAAGCGTTGTCCGGAATTACTGGGTGTAAAGGGAGCGCAGGCGGGAAGACAAGTTGGAAGTGAAAACCATGGGCTCAACCCATGAATTGCTTTCAAAACTGTTTTTCTTGAGTAGTGCAGAGGTAGATGGAATTCCCGG	0	0.00353356890459364	0	0.0950303780452909	0.0292957016841168	21.5		2
TACGGAGGATTCGAGCGTTATCCGGATTTATTGGGTTTAAAGGGTGCGTAGGCGGCCTTTTAAGTCAGCGGTGAAAGTCTGTGGCTCAACCATAGAATTGCCGTTGAAACTGGGGGGCTTGAGTATGTTTGAGGCAGGCGGAATGCGTGG	0	0.00706713780918728	6.52926505829974e-05	0.0917475104400899	0.0192753130276678	10.5		2
TACGGGGGATGCGAGCGTTATCCGGATTTATTGGGTTTAAAGGGCGCGTAGGCGGGACGCCAAGTCAGCGGTAAAAGACTGCAGCTAAACTGTAGCACGCCGTTGAAACTGGCGCCCTCGAGACGAGACGAGGGAGGCGGAACAAGTGAA	0	0.0106007067137809	0.00154309746152989	0.105567219125627	0.0430495300416092	12.8333333333333		2
TACGTAGGGGGCGAGCGTTGTCCGGAATCACTGGGCGTAAAGGGCGCGTAGGCGGTATAATAAGTCAGTGGTGAAAACTTGGGGCTCAACCCCGAGCCTGCCACTGATACTGTTAGACTTGAGTATGGAAGAGGAGAATGGAATTCCTAG	0	0.00176678445229682	0	0.0870019495552577	0.00918457569893252	21		2
TACGTAGGGAGCAAGCGTTATCCGGATTTACTGGGTGTAAAGGGCGAGTAGGCGGGCTGGCAAGTTGGGAGTGAAATCCCGGGGCTTAACCCCGGAACTGCTTTCAAAACTGCTGGTCTTGAGTGATGGAGAGGCAGGCGGAATTCCGTG	0	0.00353356890459364	0	0.0950303780452909	0.0292957016841168	21.5		2
TACGTAGGTGGCAAGCGTTGTCCGGAATTACTGGGTGTAAAGGGAGTGTAGGCGGGATGTCAAGTCAGAAGTGAAAATTACGGGCTCAACTCGTAACCTGCTTTTGAAACTGACATTCTTGAGTGAAGTAGAGGCAAGCGGAATTCCTAG	0	0.00176678445229682	0	0.0870019495552577	0.00918457569893252	21		2
TACGTAGGTGGCAAGCGTTATCCGGATTTACTGGGTGTAAAGGGCGTGTAGGCGGGAAGGCAAGTCAGATGTGAAAACTATGGGCTCAACCCATAGCCTGCATTTGAAACTGTTTTTCTTGAGTGCTGGAGAGGCAATCGGAATTCCGTG	0	0.00530035335689046	0.000481294370823461	0.0968543776238953	0.0222703964023327	14		2
TACGTAGGTGGCGAGCGTTATCCGGAATTATTGGGCGTAAAGGGTGCGCAGGCGGTTTTTTAAGTTTAAGGTGAAAGCGTGGGGCTTAACCCCATATAGCCTTAGAAACTGAGAGACTAGAGTACAGGAGAGGGCAATGGAATTCCATGT	0	0.00530035335689046	3.67598877080283e-05	0.10072081984441	0.034762194206861	18.3333333333333		2
TACGGAAGATGCGAGCGTTATCCGGATTTATTGGGTTTAAAGGGAGCGTAGGCGGGCTTTTAAGTCAGCGGTCAAATGCCACGGCTCAACCGTGGCCAGCCGTTGAAACTGCAAGCCTTGAGTCTGCACAGGGCACATGGAATTCGTGGT	0	0.0265017667844523	0.00575116804123388	0.11600259940701	0.07339647311116	7.46666666666667		2
TACGGAGGATCCAAGCGTTATCCGGATTTATTGGGTTTAAAGGGTGCGTAGGCGGTTTGATAAGTTAGAGGTGAAATACCGGTGCTTAACACCGGAACTGCCTCTAATACTGTTGAACTAGAGAGTAGTTGCGGTAGGCGGAATGTATGG	0	0.00530035335689046	0.000977866326950932	0.093968586111824	0.0249206532398757	11.3333333333333		2
TACGTAGGGGGCAAGCGTTATCCGGATTTACTGGGTGTAAAGGGAGCGTAGACGGCTCTGCAAGTCTGGAGTGAAAACCCGGGGCTCAACCCTGGGACTGCTTTGGAAACTGTGGAGCTTGAGTACCGGAGGGGTAAGCGGAATTCCTAG	0	0.00176678445229682	0	0.0798435613007112	0.00458424704103554	10		2
TACGTAGGGGGCAAGCGTTATCCGGATTTACTGGGTGTAAAGGGAGCGTAGACGGCAGTGCAAGTCTGATGTGAAAGCCCGGGGCTCAACCCCGGGACTGCATTGGAAACTGTGCAGCTAGAGTGTCGGAGAGGTAAGTGGAATTCCTAG	0	0.00176678445229682	0	0.0798435613007112	0.00458424704103554	10		2
TACGTAGGGGGCAAGCGTTATCCGGATTTACTGGGTGTAAAGGGAGCGTAGACGGTTAAGCAAGTCTGAAGTGAAAGCCCGGGGCTCAACCCCGGTACTGCTTTGGAAACTGTTTGACTTGAGTGCAGGAGAGGTAAGTGGAATTCCTAG	0	0.0300353356890459	0.00579787617882797	0.11901210080672	0.14075663330464	9		2
TACGGAGGATCCAAGCGTTATCCGGATTTATTGGGTTTAAAGGGTGCGTAGGCGGCAGATTAAGTTAGAGGTGAAATTCCGAGGCTCAACCTTGGCACTGCCTCTGATACTGGTTTGCTAGCGAGTAGATGCTGTAGGCGGAATGTGTGG	0	0.0088339222614841	0.000333897484162357	0.105567219125627	0.0530144376464555	16.2		2
TACGTAGGGGGCAAGCGTTATCCGGATTTACTGGGTGTAAAGGGAGCGTAGACGGAATGGCAAGTCTGATGTGAAAGGCCGGGGCTCAACCCCGGGACTGCATTGGAAACTGTCAATCTAGAGTACCGGAGGGGTAAGTGGAATTCCTAG	0	0.00176678445229682	0	0.0815204050760088	0.00542156514916589	8		2
TACGGAGGATGCGAGCGTTATCCGGATTTATTGGGTTTAAAGGGTGCGTAGGTGGTAATTTAAGTCAGCGGTGAAAGTTTGTGGCTCAACCATAAAATTGCCGTTGAAACTGGGTTACTTGAGTGTGTTTGAGGTAGGCGGAATGCGTGG	0	0.00706713780918728	0.00022793795204424	0.10153145018521	0.0413674561933028	12.25		2
TACGGAGGGTGCAAGCGTTATCCGGATTTATTGGGTTTAAAGGGTCCGTAGGCGGACTTATAAGTCAGTGGTGAAAGCCTGTCGCTTAACGATAGAACTGCCATTGATACTGTAAGTCTTGAGTATATTTGAGGTAGCTGGAATAAGTAG	0	0.00176678445229682	0	0.0806088350511972	0.00424447979858877	7		2
TACGTAGGGGGCTAGCGTTATCCGGAATTACTGGGCGTAAAGGGTGCGTAGGTGGTTTCTTAAGTCAGAGGTGAAAGGCTACGGCTCAACCGTAGTAAGCCTTTGAAACTGGGAAACTTGAGTGCAGGAGAGGAGAGTGGAATTCCTAGT	0	0.00530035335689046	0.00111398967210594	0.0829952808257393	0.00489645186680397	3.33333333333333		2
TACGTAGGGTGCAAGCGTTATCCGGAATTATTGGGCGTAAAGGGCTCGTAGGCGGTTCGTCGCGTCCGGTGTGAAAGTCCATCGCTTAACGGTGGATCCGCGCCGGGTACGGGCGGGCTTGAGTGCGGTAGGGGAGACTGGAATTCCCGG	0	0.0176678445229682	0.00286413133916308	0.113395799420336	0.0788828964133756	12.3		2
TACGTAGGTGGCGAGCGTTATCCGGAATTATTGGGCGTAAAGGGTGCGCAGGCGGTTTGAAAAGTTTAAGGTGAAAGCGTGGGGCTTAACCCCATACAGCCTTAGAAACTGTCAGACTAGAGTACAGGAGAGGGCAATGGAATTCCATGT	0	0.00176678445229682	0	0.0785998921215724	0.00452043419310231	12		2
TACGTATGGTGCAAGCGTTATCCGGATTTACTGGGTGTAAAGGGAGCGTAGACGGTTGTGTAAGTCTGATGTGAAAGCCCGGGGCTCAACCCCGGGACTGCATTGGAAACTATGTAACTAGAGTGTCGGAGAGGTAAGCGGAATTCCTAG	0	0.00353356890459364	0	0.0787225128581115	0.00607644574430661	8		2
TACGTAGGGGGCAAGCGTTATCCGGATTTACTGGGTGTAAAGGGAGCGCAGGCGGCATGATAAGTCTGATGTGAAAACCCAAGGCTCAACCATGGGACTGCATTGGAAACTGTCGTGCTGGAGTGTCGGAGAGGTAAGCGGAATTCCTAG	0	0.00176678445229682	0	0.0785998921215724	0.00452043419310231	12		2
TACGTAGGGGGCGAGCGTTATCCGGAATGATTGGGCGTAAAGCGCGCGCAGGCGGCCGCTCAAGCGGGACCTCTAACCCCGGGGCTCAACCCCGGGCCGGGTCCCGAACTGGGCGGCTCGAGTGCGGTAGGGGAGAGCGGAATTCCAAGT	0	0.00530035335689046	0.000223753715188823	0.0959337086350751	0.0164590952519518	12.6666666666667		2
TACGTAGGTGGCAAGCGTTATCCGGATTTACTGGGTGTAAAGGGCGTGTAGGCGGGAAAGCAAGTCAGGCGTGAAAACTATGGGCTCAACCCATAGCCTGCGTTTGAAACTGTTTTTCTTGAGTGTCGGAGAGGCAATCGGAATTCCGTG	0	0.00353356890459364	8.25621867369693e-05	0.0915809995318502	0.0210579402632118	13.5		2
TACGGAGGATCCGAGCGTTATCCGGATTTATTGGGTTTAAAGGGAGCGTAGGCGGAAGCTTAAGTCAGTTGTGAAAGTTTGCGGCTCAACCGTAAAATTGCAGTTGATACTGGGTTTCTTGAGTGCAGTAGAGGTAGGCGGAATTCGTGG	0	0.0141342756183746	0.00195666282217373	0.10946015345347	0.0796402037405	11.875		2
TACAGAGGTCTCAAGCGTTGTTCGGAATCACTGGGCGTAAAGCGTGCGTAGGCGGTTTCGTAAGTCGTGTGTGAAAGGCGGGGGCTCAACCCCCGGACTGCACATGATACTGCGAGACTAGAGTAATGGAGGGGGAACCGGAATTCTCGG	0	0.0141342756183746	0.000299874361761487	0.106458081734282	0.160738270768272	17.875		2
TACGGAGGATTCAAGCGTTATCCGGATTTATTGGGTTTAAAGGGTGCGTAGGCGGTTTGATAAGTTAGAGGTGAAATTTCGGGGCTCAACCCTGAACGTGCCTCTAATACTGTTGAGCTAGAGAGTAGTTGCGGTAGGCGGAATGTATGG	0	0.0265017667844523	0.0059660273034721	0.12218191462966	0.189788562299275	12.2666666666667		2
TACGTAGGGGGCAAGCGTTATCCGGATTTACTGGGTGTAAAGGGAGCGTAGACGGCGACGCAAGTCTGGAGTGAAAGCCCGGGGCCCAACCCCGGGACTGCTTTGGAAACTGTGCTGCTGGAGTGCAGGAGAGGTAAGTGGAATTCCTAG	0	0.00706713780918728	0.000318263686675263	0.0894700899681728	0.0219182514579114	7		2
TACGTAGGGGGCAAGCGTTATCCGGATTTACTGGGTGTAAAGGGAGCGTAGACGGCGACGCAAGTCTGGAGTGAAAGCCCGGGGCCCAACCCCGGGACTGCTTTGGAAACTGTGTTGCTGGAGTGCAGGAGAGGTAAGTGGAATTCCTAG	0	0.00353356890459364	0	0.0855273402407618	0.016327375107649	10		2
TACGTAGGGGGCAAGCGTTATCCGGATTTACTGGGTGTAAAGGGAGCGTAGACGGAGCAGCAAGTCTGATGTGAAAGGCAGGGGCTCAACCCCTGGACTGCATTGGAAACTGTTGATCTTGAGTACCGGAGGGGTAAGCGGAATTCCTAG	0	0.00706713780918728	0.000901154731821181	0.0931017172362536	0.0218875997457374	9		2
TACGTAGGTGGCGAGCGTTATCCGGATTTACTGGGTGTAAAGGGCGTGTAGGCGGGACTGCAAGTCAGATGTGAAAACCATGGGCTCAACCTGTGGCCTGCATTTGAAACTGTAGTTCTTGAGTACTGGAGAGGCAGACGGAATTCCTAG	0	0.00353356890459364	6.46085970830335e-05	0.0850946555515168	0.015863162110073	9		2
TACGTAGGGGGCAAGCGTTATCCGGATTTACTGGGTGTAAAGGGAGCGTAGACGGCGATGCAAGCCAGATGTGAAAGCCCGGGGCTCAACCCCGGGACTGCATTTGGAACTGCGTGGCTGGAGTGTCGGAGAGGCAGGCGGAATTCCTAG	0	0.0123674911660777	0.00021446911494676	0.107593029300745	0.130336186587232	16.5714285714286		2
TACGTATGGAGCAAGCGTTATCCGGATTTACTGGGTGTAAAGGGAGCGTAGGCGGTTATGCAAGTCAGATGTGAAAGCCCGGGGCTTAACCCCGGGACTGCATTTGAAACTGTGTAACTAGAGTGTCGGAGAGGTAAGTGGAATTCCTAG	0	0.00353356890459364	0.00105068951499422	0.0845245071056105	0.0145278435525296	8.5		2
TACGTAGGTGGCAAGCGTTGTCCGGAATTACTGGGTGTAAAGGGAGCGTAGGCGGGAATGCAAGTTGAATGTTTAAACTATCGGCTCAACTGATAATCGCGTTCAAAACTGCATTTCTTGAGTGGAGTAGAGGCAGGCGGAATTCCTAGT	0	0.0159010600706714	0.00141829281987622	0.109223226714393	0.151833682255518	15.3333333333333		2
TACGTAGGTGGCAAGCGTTATCCGGATTTACTGGGTGTAAAGGGCGTGTAGGCGGGACTGCAAGTCAGATGTGAAAACCATGGGCTCAACCTGTGGCCTGCATTTGAAACTGTAGTTCTTGAGTACTGGAGAGGCAGACGGAATTCCTAG	0	0.00176678445229682	0	0.0842422883840559	0.0144175487880324	16		2
TACGGAGGATCCAAGCGTTATCCGGATTTATTGGGTTTAAAGGGTGCGTAGGCGGTTTGATAAGTTAGAGGTGAAATACCGGGGCTCAACTCCGGAACTGCCTCTAATACTGTTGAACTAGAGAGTAGTTGCGGTAGGCGGAATGTATGG	0	0.0141342756183746	0.00119860155235109	0.10298189947357	0.0724250973061884	8.875		2
TACGTATGGTGCAAGCGTTATCCGGATTTACTGGGTGTAAAGGGTGCGTAGGTGGCAAGGCAAGTCTGAAGTGAAAATCCGGGGCTCAACCCCGGAACTGCTTTGGAAACTGTTTAGCTGGAGTACAGGAGAGGTAAGTGGAATTCCTAG	0	0.0159010600706714	0.00194594634952839	0.102355234770891	0.0470689978556126	7.11111111111111		2
TACGTAGGGGGCAAGCGTTATCCGGATTTACTGGGTGTAAAGGGAGCGTAGACGGCATGGCAAGCCAGATGTGAAAACCCAGGGCTCAACCTTGGGATTGCATTTGGAACTGCCAGGCTGGAGTGCAGGAGAGGTAAGCGGAATTCCTAG	0	0.0212014134275618	0.00588269333701566	0.0970406360424028	0.0212840154086829	3.75		2
TACGTAGGTGGCAAGCGTTATCCGGATTTACTGGGTGTAAAGGGCGTGTAGGCGGGATTGCAAGTCAGATGTGAAAACCACGGGCTCAACCTGTGGCCTGCATTTGAAACTGTAGTTCTTGAGTACTGGAGAGGCAGACGGAATTCCTAG	0	0.00706713780918728	0.00117572841854847	0.0995288574793875	0.0371851439957438	9.75		2
TACGTAGGGGGCAAGCGTTATCCGGATTTACTGGGTGTAAAGGGAGCGTAGGCGGCGATGCAAGTCAGAAGTGAAAGCCCAGGGCTTAACCGTGGGACTGCTTTTGAAACTGTGTTGCTGGATTGCCGGAGAGGTAAGTGGAATTCCTAG	0	0.0088339222614841	0.00110839040623408	0.102355234770891	0.034396001294166	11.8		2
TACGTAGGTGGCAAGCGTTATCCGGAATCATTGGGCGTAAAGGGTGCGTAGGTGGCACGATAAGTCTGAAGTAAAAGGCAACAGCTCAACTGTTGTATGCTTTGGAAACTGTCGAGCTAGAGTGCAGAAGAGGGCGATGGAATTCCATGT	0	0.00176678445229682	0	0.0790926814138706	0.00583746581345154	13		2
TACGTAGGTGGCGAGCGTTATCCGGAATCATTGGGCGTAAAGAGGGAGCAGGCGGCAGCTAAGGTCTGCGGTGAAAGCCCGAAGCTTAACTTCGGCGAGCCGTGGAAACCGAGCAGCTAGAGTGCAGTAGAGGATCGTGGAATTCCATGT	0	0.00176678445229682	0	0.0790926814138706	0.00583746581345154	13		2
TACGGAGGACCCGAGCGTTATCCGGATTTATTGGGTTTAAAGGGTGCGTAGGCGGATTAGTAAGTTAGAGGTGAAAGCTCGATGCTCAACATCGAAATTGCCTCTGATACTGTTAGTCTAGAGTATAGTTGCGGAAGGCGGAATGTGTGG	0	0.00176678445229682	0	0.0790926814138706	0.00583746581345154	13		2
