sample_name	title	empo_1	empo_2	empo_3	host_age	latitude	taxon_id	elevation	env_biome	longitude	treatment	host_taxid	description	env_feature	env_package	sample_type	env_material	geo_loc_name	dna_extracted	host_age_units	host_body_site	anonymized_name	host_life_stage	host_subject_id	scientific_name	host_common_name	host_body_habitat	host_body_product	collection_timestamp	host_scientific_name	physical_specimen_location	physical_specimen_remaining	qiita_study_id
13173.1.D21.1M	Neonatal antibiotic exposure impairs child growth during the first six years of life by perturbing intestinal microbial colonization	Host-associated	Animal-associated	Animal distal gut	8	32.047796	410661	57	urban biome	34.843863	Abx	10090	mouse stool sample after FMT from infant at 1 month old	animal-associated habitat	host-associated	feces	feces	Israel:Safed	TRUE	weeks	UBERON:feces	1.D21.1M	adult	1	mouse gut metagenome	mouse	UBERON:feces	UBERON:feces	2017-09-24	Mus musculus	Faculy of medicine, Bar-Ilan University	FALSE	13173
13173.1.D3.1M	Neonatal antibiotic exposure impairs child growth during the first six years of life by perturbing intestinal microbial colonization	Host-associated	Animal-associated	Animal distal gut	5	32.047796	410661	57	urban biome	34.843863	Abx	10090	mouse stool sample after FMT from infant at 1 month old	animal-associated habitat	host-associated	feces	feces	Israel:Safed	TRUE	weeks	UBERON:feces	1.D3.1M	adult	1	mouse gut metagenome	mouse	UBERON:feces	UBERON:feces	2017-09-07	Mus musculus	Faculy of medicine, Bar-Ilan University	FALSE	13173
13173.1.D35.1M	Neonatal antibiotic exposure impairs child growth during the first six years of life by perturbing intestinal microbial colonization	Host-associated	Animal-associated	Animal distal gut	9	32.047796	410661	57	urban biome	34.843863	Abx	10090	mouse stool sample after FMT from infant at 1 month old	animal-associated habitat	host-associated	feces	feces	Israel:Safed	TRUE	weeks	UBERON:feces	1.D35.1M	adult	15	mouse gut metagenome	mouse	UBERON:feces	UBERON:feces	2017-10-08	Mus musculus	Faculy of medicine, Bar-Ilan University	FALSE	13173
13173.1.D42.1M	Neonatal antibiotic exposure impairs child growth during the first six years of life by perturbing intestinal microbial colonization	Host-associated	Animal-associated	Animal distal gut	10	32.047796	410661	57	urban biome	34.843863	Abx	10090	mouse stool sample after FMT from infant at 1 month old	animal-associated habitat	host-associated	feces	feces	Israel:Safed	TRUE	weeks	UBERON:feces	1.D42.1M	adult	1	mouse gut metagenome	mouse	UBERON:feces	UBERON:feces	2017-10-15	Mus musculus	Faculy of medicine, Bar-Ilan University	FALSE	13173
13173.1.D7.1M	Neonatal antibiotic exposure impairs child growth during the first six years of life by perturbing intestinal microbial colonization	Host-associated	Animal-associated	Animal distal gut	6	32.047796	410661	57	urban biome	34.843863	Abx	10090	mouse stool sample after FMT from infant at 1 month old	animal-associated habitat	host-associated	feces	feces	Israel:Safed	TRUE	weeks	UBERON:feces	1.D7.1M	adult	1	mouse gut metagenome	mouse	UBERON:feces	UBERON:feces	2017-09-10	Mus musculus	Faculy of medicine, Bar-Ilan University	FALSE	13173
13173.19.D14.1M	Neonatal antibiotic exposure impairs child growth during the first six years of life by perturbing intestinal microbial colonization	Host-associated	Animal-associated	Animal distal gut	7	32.047796	410661	57	urban biome	34.843863	Control	10090	mouse stool sample after FMT from infant at 1 month old	animal-associated habitat	host-associated	feces	feces	Israel:Safed	TRUE	weeks	UBERON:feces	19.D14.1M	adult	19	mouse gut metagenome	mouse	UBERON:feces	UBERON:feces	2017-09-17	Mus musculus	Faculy of medicine, Bar-Ilan University	FALSE	13173
13173.19.D21.1M	Neonatal antibiotic exposure impairs child growth during the first six years of life by perturbing intestinal microbial colonization	Host-associated	Animal-associated	Animal distal gut	8	32.047796	410661	57	urban biome	34.843863	Control	10090	mouse stool sample after FMT from infant at 1 month old	animal-associated habitat	host-associated	feces	feces	Israel:Safed	TRUE	weeks	UBERON:feces	19.D21.1M	adult	19	mouse gut metagenome	mouse	UBERON:feces	UBERON:feces	2017-09-24	Mus musculus	Faculy of medicine, Bar-Ilan University	FALSE	13173
13173.19.D3.1M	Neonatal antibiotic exposure impairs child growth during the first six years of life by perturbing intestinal microbial colonization	Host-associated	Animal-associated	Animal distal gut	5	32.047796	410661	57	urban biome	34.843863	Control	10090	mouse stool sample after FMT from infant at 1 month old	animal-associated habitat	host-associated	feces	feces	Israel:Safed	TRUE	weeks	UBERON:feces	19.D3.1M	adult	19	mouse gut metagenome	mouse	UBERON:feces	UBERON:feces	2017-09-07	Mus musculus	Faculy of medicine, Bar-Ilan University	FALSE	13173
13173.19.D35.1M	Neonatal antibiotic exposure impairs child growth during the first six years of life by perturbing intestinal microbial colonization	Host-associated	Animal-associated	Animal distal gut	9	32.047796	410661	57	urban biome	34.843863	Control	10090	mouse stool sample after FMT from infant at 1 month old	animal-associated habitat	host-associated	feces	feces	Israel:Safed	TRUE	weeks	UBERON:feces	19.D35.1M	adult	19	mouse gut metagenome	mouse	UBERON:feces	UBERON:feces	2017-10-08	Mus musculus	Faculy of medicine, Bar-Ilan University	FALSE	13173
13173.19.D42.1M	Neonatal antibiotic exposure impairs child growth during the first six years of life by perturbing intestinal microbial colonization	Host-associated	Animal-associated	Animal distal gut	10	32.047796	410661	57	urban biome	34.843863	Control	10090	mouse stool sample after FMT from infant at 1 month old	animal-associated habitat	host-associated	feces	feces	Israel:Safed	TRUE	weeks	UBERON:feces	19.D42.1M	adult	19	mouse gut metagenome	mouse	UBERON:feces	UBERON:feces	2017-10-15	Mus musculus	Faculy of medicine, Bar-Ilan University	FALSE	13173
13173.19.D7.1M	Neonatal antibiotic exposure impairs child growth during the first six years of life by perturbing intestinal microbial colonization	Host-associated	Animal-associated	Animal distal gut	6	32.047796	410661	57	urban biome	34.843863	Control	10090	mouse stool sample after FMT from infant at 1 month old	animal-associated habitat	host-associated	feces	feces	Israel:Safed	TRUE	weeks	UBERON:feces	19.D7.1M	adult	19	mouse gut metagenome	mouse	UBERON:feces	UBERON:feces	2017-09-10	Mus musculus	Faculy of medicine, Bar-Ilan University	FALSE	13173
13173.2.D14.1M	Neonatal antibiotic exposure impairs child growth during the first six years of life by perturbing intestinal microbial colonization	Host-associated	Animal-associated	Animal distal gut	7	32.047796	410661	57	urban biome	34.843863	Abx	10090	mouse stool sample after FMT from infant at 1 month old	animal-associated habitat	host-associated	feces	feces	Israel:Safed	TRUE	weeks	UBERON:feces	2.D14.1M	adult	2	mouse gut metagenome	mouse	UBERON:feces	UBERON:feces	2017-09-17	Mus musculus	Faculy of medicine, Bar-Ilan University	FALSE	13173
13173.2.D21.1M	Neonatal antibiotic exposure impairs child growth during the first six years of life by perturbing intestinal microbial colonization	Host-associated	Animal-associated	Animal distal gut	8	32.047796	410661	57	urban biome	34.843863	Abx	10090	mouse stool sample after FMT from infant at 1 month old	animal-associated habitat	host-associated	feces	feces	Israel:Safed	TRUE	weeks	UBERON:feces	2.D21.1M	adult	2	mouse gut metagenome	mouse	UBERON:feces	UBERON:feces	2017-09-24	Mus musculus	Faculy of medicine, Bar-Ilan University	FALSE	13173
13173.2.D3.1M	Neonatal antibiotic exposure impairs child growth during the first six years of life by perturbing intestinal microbial colonization	Host-associated	Animal-associated	Animal distal gut	5	32.047796	410661	57	urban biome	34.843863	Abx	10090	mouse stool sample after FMT from infant at 1 month old	animal-associated habitat	host-associated	feces	feces	Israel:Safed	TRUE	weeks	UBERON:feces	2.D3.1M	adult	2	mouse gut metagenome	mouse	UBERON:feces	UBERON:feces	2017-09-07	Mus musculus	Faculy of medicine, Bar-Ilan University	FALSE	13173
13173.2.D35.1M	Neonatal antibiotic exposure impairs child growth during the first six years of life by perturbing intestinal microbial colonization	Host-associated	Animal-associated	Animal distal gut	9	32.047796	410661	57	urban biome	34.843863	Abx	10090	mouse stool sample after FMT from infant at 1 month old	animal-associated habitat	host-associated	feces	feces	Israel:Safed	TRUE	weeks	UBERON:feces	2.D35.1M	adult	25	mouse gut metagenome	mouse	UBERON:feces	UBERON:feces	2017-10-08	Mus musculus	Faculy of medicine, Bar-Ilan University	FALSE	13173
13173.2.D42.1M	Neonatal antibiotic exposure impairs child growth during the first six years of life by perturbing intestinal microbial colonization	Host-associated	Animal-associated	Animal distal gut	10	32.047796	410661	57	urban biome	34.843863	Abx	10090	mouse stool sample after FMT from infant at 1 month old	animal-associated habitat	host-associated	feces	feces	Israel:Safed	TRUE	weeks	UBERON:feces	2.D42.1M	adult	2	mouse gut metagenome	mouse	UBERON:feces	UBERON:feces	2017-10-15	Mus musculus	Faculy of medicine, Bar-Ilan University	FALSE	13173
13173.2.D7.1M	Neonatal antibiotic exposure impairs child growth during the first six years of life by perturbing intestinal microbial colonization	Host-associated	Animal-associated	Animal distal gut	6	32.047796	410661	57	urban biome	34.843863	Abx	10090	mouse stool sample after FMT from infant at 1 month old	animal-associated habitat	host-associated	feces	feces	Israel:Safed	TRUE	weeks	UBERON:feces	2.D7.1M	adult	2	mouse gut metagenome	mouse	UBERON:feces	UBERON:feces	2017-09-10	Mus musculus	Faculy of medicine, Bar-Ilan University	FALSE	13173
13173.20.D14.1M	Neonatal antibiotic exposure impairs child growth during the first six years of life by perturbing intestinal microbial colonization	Host-associated	Animal-associated	Animal distal gut	7	32.047796	410661	57	urban biome	34.843863	Control	10090	mouse stool sample after FMT from infant at 1 month old	animal-associated habitat	host-associated	feces	feces	Israel:Safed	TRUE	weeks	UBERON:feces	20.D14.1M	adult	20	mouse gut metagenome	mouse	UBERON:feces	UBERON:feces	2017-09-17	Mus musculus	Faculy of medicine, Bar-Ilan University	FALSE	13173
13173.20.D21.1M	Neonatal antibiotic exposure impairs child growth during the first six years of life by perturbing intestinal microbial colonization	Host-associated	Animal-associated	Animal distal gut	8	32.047796	410661	57	urban biome	34.843863	Control	10090	mouse stool sample after FMT from infant at 1 month old	animal-associated habitat	host-associated	feces	feces	Israel:Safed	TRUE	weeks	UBERON:feces	20.D21.1M	adult	20	mouse gut metagenome	mouse	UBERON:feces	UBERON:feces	2017-09-24	Mus musculus	Faculy of medicine, Bar-Ilan University	FALSE	13173
13173.20.D3.1M	Neonatal antibiotic exposure impairs child growth during the first six years of life by perturbing intestinal microbial colonization	Host-associated	Animal-associated	Animal distal gut	5	32.047796	410661	57	urban biome	34.843863	Control	10090	mouse stool sample after FMT from infant at 1 month old	animal-associated habitat	host-associated	feces	feces	Israel:Safed	TRUE	weeks	UBERON:feces	20.D3.1M	adult	20	mouse gut metagenome	mouse	UBERON:feces	UBERON:feces	2017-09-07	Mus musculus	Faculy of medicine, Bar-Ilan University	FALSE	13173
13173.20.D35.1M	Neonatal antibiotic exposure impairs child growth during the first six years of life by perturbing intestinal microbial colonization	Host-associated	Animal-associated	Animal distal gut	9	32.047796	410661	57	urban biome	34.843863	Control	10090	mouse stool sample after FMT from infant at 1 month old	animal-associated habitat	host-associated	feces	feces	Israel:Safed	TRUE	weeks	UBERON:feces	20.D35.1M	adult	20	mouse gut metagenome	mouse	UBERON:feces	UBERON:feces	2017-10-08	Mus musculus	Faculy of medicine, Bar-Ilan University	FALSE	13173
13173.20.D42.1M	Neonatal antibiotic exposure impairs child growth during the first six years of life by perturbing intestinal microbial colonization	Host-associated	Animal-associated	Animal distal gut	10	32.047796	410661	57	urban biome	34.843863	Control	10090	mouse stool sample after FMT from infant at 1 month old	animal-associated habitat	host-associated	feces	feces	Israel:Safed	TRUE	weeks	UBERON:feces	20.D42.1M	adult	20	mouse gut metagenome	mouse	UBERON:feces	UBERON:feces	2017-10-15	Mus musculus	Faculy of medicine, Bar-Ilan University	FALSE	13173
13173.20.D7.1M	Neonatal antibiotic exposure impairs child growth during the first six years of life by perturbing intestinal microbial colonization	Host-associated	Animal-associated	Animal distal gut	6	32.047796	410661	57	urban biome	34.843863	Control	10090	mouse stool sample after FMT from infant at 1 month old	animal-associated habitat	host-associated	feces	feces	Israel:Safed	TRUE	weeks	UBERON:feces	20.D7.1M	adult	20	mouse gut metagenome	mouse	UBERON:feces	UBERON:feces	2017-09-10	Mus musculus	Faculy of medicine, Bar-Ilan University	FALSE	13173
13173.21.D14.1M	Neonatal antibiotic exposure impairs child growth during the first six years of life by perturbing intestinal microbial colonization	Host-associated	Animal-associated	Animal distal gut	7	32.047796	410661	57	urban biome	34.843863	Control	10090	mouse stool sample after FMT from infant at 1 month old	animal-associated habitat	host-associated	feces	feces	Israel:Safed	TRUE	weeks	UBERON:feces	21.D14.1M	adult	21	mouse gut metagenome	mouse	UBERON:feces	UBERON:feces	2017-09-17	Mus musculus	Faculy of medicine, Bar-Ilan University	FALSE	13173
13173.21.D21.1M	Neonatal antibiotic exposure impairs child growth during the first six years of life by perturbing intestinal microbial colonization	Host-associated	Animal-associated	Animal distal gut	8	32.047796	410661	57	urban biome	34.843863	Control	10090	mouse stool sample after FMT from infant at 1 month old	animal-associated habitat	host-associated	feces	feces	Israel:Safed	TRUE	weeks	UBERON:feces	21.D21.1M	adult	21	mouse gut metagenome	mouse	UBERON:feces	UBERON:feces	2017-09-24	Mus musculus	Faculy of medicine, Bar-Ilan University	FALSE	13173
13173.21.D3.1M	Neonatal antibiotic exposure impairs child growth during the first six years of life by perturbing intestinal microbial colonization	Host-associated	Animal-associated	Animal distal gut	5	32.047796	410661	57	urban biome	34.843863	Control	10090	mouse stool sample after FMT from infant at 1 month old	animal-associated habitat	host-associated	feces	feces	Israel:Safed	TRUE	weeks	UBERON:feces	21.D3.1M	adult	21	mouse gut metagenome	mouse	UBERON:feces	UBERON:feces	2017-09-07	Mus musculus	Faculy of medicine, Bar-Ilan University	FALSE	13173
13173.21.D35.1M	Neonatal antibiotic exposure impairs child growth during the first six years of life by perturbing intestinal microbial colonization	Host-associated	Animal-associated	Animal distal gut	9	32.047796	410661	57	urban biome	34.843863	Control	10090	mouse stool sample after FMT from infant at 1 month old	animal-associated habitat	host-associated	feces	feces	Israel:Safed	TRUE	weeks	UBERON:feces	21.D35.1M	adult	21	mouse gut metagenome	mouse	UBERON:feces	UBERON:feces	2017-10-08	Mus musculus	Faculy of medicine, Bar-Ilan University	FALSE	13173
13173.21.D42.1M	Neonatal antibiotic exposure impairs child growth during the first six years of life by perturbing intestinal microbial colonization	Host-associated	Animal-associated	Animal distal gut	10	32.047796	410661	57	urban biome	34.843863	Control	10090	mouse stool sample after FMT from infant at 1 month old	animal-associated habitat	host-associated	feces	feces	Israel:Safed	TRUE	weeks	UBERON:feces	21.D42.1M	adult	21	mouse gut metagenome	mouse	UBERON:feces	UBERON:feces	2017-10-15	Mus musculus	Faculy of medicine, Bar-Ilan University	FALSE	13173
13173.21.D7.1M	Neonatal antibiotic exposure impairs child growth during the first six years of life by perturbing intestinal microbial colonization	Host-associated	Animal-associated	Animal distal gut	6	32.047796	410661	57	urban biome	34.843863	Control	10090	mouse stool sample after FMT from infant at 1 month old	animal-associated habitat	host-associated	feces	feces	Israel:Safed	TRUE	weeks	UBERON:feces	21.D7.1M	adult	21	mouse gut metagenome	mouse	UBERON:feces	UBERON:feces	2017-09-10	Mus musculus	Faculy of medicine, Bar-Ilan University	FALSE	13173
13173.22.D14.1M	Neonatal antibiotic exposure impairs child growth during the first six years of life by perturbing intestinal microbial colonization	Host-associated	Animal-associated	Animal distal gut	7	32.047796	410661	57	urban biome	34.843863	Control	10090	mouse stool sample after FMT from infant at 1 month old	animal-associated habitat	host-associated	feces	feces	Israel:Safed	TRUE	weeks	UBERON:feces	22.D14.1M	adult	22	mouse gut metagenome	mouse	UBERON:feces	UBERON:feces	2017-09-17	Mus musculus	Faculy of medicine, Bar-Ilan University	FALSE	13173
13173.22.D21.1M	Neonatal antibiotic exposure impairs child growth during the first six years of life by perturbing intestinal microbial colonization	Host-associated	Animal-associated	Animal distal gut	8	32.047796	410661	57	urban biome	34.843863	Control	10090	mouse stool sample after FMT from infant at 1 month old	animal-associated habitat	host-associated	feces	feces	Israel:Safed	TRUE	weeks	UBERON:feces	22.D21.1M	adult	22	mouse gut metagenome	mouse	UBERON:feces	UBERON:feces	2017-09-24	Mus musculus	Faculy of medicine, Bar-Ilan University	FALSE	13173
13173.22.D3.1M	Neonatal antibiotic exposure impairs child growth during the first six years of life by perturbing intestinal microbial colonization	Host-associated	Animal-associated	Animal distal gut	5	32.047796	410661	57	urban biome	34.843863	Control	10090	mouse stool sample after FMT from infant at 1 month old	animal-associated habitat	host-associated	feces	feces	Israel:Safed	TRUE	weeks	UBERON:feces	22.D3.1M	adult	22	mouse gut metagenome	mouse	UBERON:feces	UBERON:feces	2017-09-07	Mus musculus	Faculy of medicine, Bar-Ilan University	FALSE	13173
13173.22.D35.1M	Neonatal antibiotic exposure impairs child growth during the first six years of life by perturbing intestinal microbial colonization	Host-associated	Animal-associated	Animal distal gut	9	32.047796	410661	57	urban biome	34.843863	Control	10090	mouse stool sample after FMT from infant at 1 month old	animal-associated habitat	host-associated	feces	feces	Israel:Safed	TRUE	weeks	UBERON:feces	22.D35.1M	adult	22	mouse gut metagenome	mouse	UBERON:feces	UBERON:feces	2017-10-08	Mus musculus	Faculy of medicine, Bar-Ilan University	FALSE	13173
13173.22.D42.1M	Neonatal antibiotic exposure impairs child growth during the first six years of life by perturbing intestinal microbial colonization	Host-associated	Animal-associated	Animal distal gut	10	32.047796	410661	57	urban biome	34.843863	Control	10090	mouse stool sample after FMT from infant at 1 month old	animal-associated habitat	host-associated	feces	feces	Israel:Safed	TRUE	weeks	UBERON:feces	22.D42.1M	adult	22	mouse gut metagenome	mouse	UBERON:feces	UBERON:feces	2017-10-15	Mus musculus	Faculy of medicine, Bar-Ilan University	FALSE	13173
13173.22.D7.1M	Neonatal antibiotic exposure impairs child growth during the first six years of life by perturbing intestinal microbial colonization	Host-associated	Animal-associated	Animal distal gut	6	32.047796	410661	57	urban biome	34.843863	Control	10090	mouse stool sample after FMT from infant at 1 month old	animal-associated habitat	host-associated	feces	feces	Israel:Safed	TRUE	weeks	UBERON:feces	22.D7.1M	adult	22	mouse gut metagenome	mouse	UBERON:feces	UBERON:feces	2017-09-10	Mus musculus	Faculy of medicine, Bar-Ilan University	FALSE	13173
13173.23.D14.1M	Neonatal antibiotic exposure impairs child growth during the first six years of life by perturbing intestinal microbial colonization	Host-associated	Animal-associated	Animal distal gut	7	32.047796	410661	57	urban biome	34.843863	Control	10090	mouse stool sample after FMT from infant at 1 month old	animal-associated habitat	host-associated	feces	feces	Israel:Safed	TRUE	weeks	UBERON:feces	23.D14.1M	adult	23	mouse gut metagenome	mouse	UBERON:feces	UBERON:feces	2017-09-17	Mus musculus	Faculy of medicine, Bar-Ilan University	FALSE	13173
13173.23.D21.1M	Neonatal antibiotic exposure impairs child growth during the first six years of life by perturbing intestinal microbial colonization	Host-associated	Animal-associated	Animal distal gut	8	32.047796	410661	57	urban biome	34.843863	Control	10090	mouse stool sample after FMT from infant at 1 month old	animal-associated habitat	host-associated	feces	feces	Israel:Safed	TRUE	weeks	UBERON:feces	23.D21.1M	adult	23	mouse gut metagenome	mouse	UBERON:feces	UBERON:feces	2017-09-24	Mus musculus	Faculy of medicine, Bar-Ilan University	FALSE	13173
13173.23.D3.1M	Neonatal antibiotic exposure impairs child growth during the first six years of life by perturbing intestinal microbial colonization	Host-associated	Animal-associated	Animal distal gut	5	32.047796	410661	57	urban biome	34.843863	Control	10090	mouse stool sample after FMT from infant at 1 month old	animal-associated habitat	host-associated	feces	feces	Israel:Safed	TRUE	weeks	UBERON:feces	23.D3.1M	adult	23	mouse gut metagenome	mouse	UBERON:feces	UBERON:feces	2017-09-07	Mus musculus	Faculy of medicine, Bar-Ilan University	FALSE	13173
13173.23.D35.1M	Neonatal antibiotic exposure impairs child growth during the first six years of life by perturbing intestinal microbial colonization	Host-associated	Animal-associated	Animal distal gut	9	32.047796	410661	57	urban biome	34.843863	Control	10090	mouse stool sample after FMT from infant at 1 month old	animal-associated habitat	host-associated	feces	feces	Israel:Safed	TRUE	weeks	UBERON:feces	23.D35.1M	adult	23	mouse gut metagenome	mouse	UBERON:feces	UBERON:feces	2017-10-08	Mus musculus	Faculy of medicine, Bar-Ilan University	FALSE	13173
13173.23.D42.1M	Neonatal antibiotic exposure impairs child growth during the first six years of life by perturbing intestinal microbial colonization	Host-associated	Animal-associated	Animal distal gut	10	32.047796	410661	57	urban biome	34.843863	Control	10090	mouse stool sample after FMT from infant at 1 month old	animal-associated habitat	host-associated	feces	feces	Israel:Safed	TRUE	weeks	UBERON:feces	23.D42.1M	adult	23	mouse gut metagenome	mouse	UBERON:feces	UBERON:feces	2017-10-15	Mus musculus	Faculy of medicine, Bar-Ilan University	FALSE	13173
13173.23.D7.1M	Neonatal antibiotic exposure impairs child growth during the first six years of life by perturbing intestinal microbial colonization	Host-associated	Animal-associated	Animal distal gut	6	32.047796	410661	57	urban biome	34.843863	Control	10090	mouse stool sample after FMT from infant at 1 month old	animal-associated habitat	host-associated	feces	feces	Israel:Safed	TRUE	weeks	UBERON:feces	23.D7.1M	adult	23	mouse gut metagenome	mouse	UBERON:feces	UBERON:feces	2017-09-10	Mus musculus	Faculy of medicine, Bar-Ilan University	FALSE	13173
13173.24.D14.1M	Neonatal antibiotic exposure impairs child growth during the first six years of life by perturbing intestinal microbial colonization	Host-associated	Animal-associated	Animal distal gut	7	32.047796	410661	57	urban biome	34.843863	Control	10090	mouse stool sample after FMT from infant at 1 month old	animal-associated habitat	host-associated	feces	feces	Israel:Safed	TRUE	weeks	UBERON:feces	24.D14.1M	adult	24	mouse gut metagenome	mouse	UBERON:feces	UBERON:feces	2017-09-17	Mus musculus	Faculy of medicine, Bar-Ilan University	FALSE	13173
13173.24.D21.1M	Neonatal antibiotic exposure impairs child growth during the first six years of life by perturbing intestinal microbial colonization	Host-associated	Animal-associated	Animal distal gut	8	32.047796	410661	57	urban biome	34.843863	Control	10090	mouse stool sample after FMT from infant at 1 month old	animal-associated habitat	host-associated	feces	feces	Israel:Safed	TRUE	weeks	UBERON:feces	24.D21.1M	adult	24	mouse gut metagenome	mouse	UBERON:feces	UBERON:feces	2017-09-24	Mus musculus	Faculy of medicine, Bar-Ilan University	FALSE	13173
13173.24.D3.1M	Neonatal antibiotic exposure impairs child growth during the first six years of life by perturbing intestinal microbial colonization	Host-associated	Animal-associated	Animal distal gut	5	32.047796	410661	57	urban biome	34.843863	Control	10090	mouse stool sample after FMT from infant at 1 month old	animal-associated habitat	host-associated	feces	feces	Israel:Safed	TRUE	weeks	UBERON:feces	24.D3.1M	adult	24	mouse gut metagenome	mouse	UBERON:feces	UBERON:feces	2017-09-07	Mus musculus	Faculy of medicine, Bar-Ilan University	FALSE	13173
13173.24.D35.1M	Neonatal antibiotic exposure impairs child growth during the first six years of life by perturbing intestinal microbial colonization	Host-associated	Animal-associated	Animal distal gut	9	32.047796	410661	57	urban biome	34.843863	Control	10090	mouse stool sample after FMT from infant at 1 month old	animal-associated habitat	host-associated	feces	feces	Israel:Safed	TRUE	weeks	UBERON:feces	24.D35.1M	adult	24	mouse gut metagenome	mouse	UBERON:feces	UBERON:feces	2017-10-08	Mus musculus	Faculy of medicine, Bar-Ilan University	FALSE	13173
13173.24.D42.1M	Neonatal antibiotic exposure impairs child growth during the first six years of life by perturbing intestinal microbial colonization	Host-associated	Animal-associated	Animal distal gut	10	32.047796	410661	57	urban biome	34.843863	Control	10090	mouse stool sample after FMT from infant at 1 month old	animal-associated habitat	host-associated	feces	feces	Israel:Safed	TRUE	weeks	UBERON:feces	24.D42.1M	adult	24	mouse gut metagenome	mouse	UBERON:feces	UBERON:feces	2017-10-15	Mus musculus	Faculy of medicine, Bar-Ilan University	FALSE	13173
13173.24.D7.1M	Neonatal antibiotic exposure impairs child growth during the first six years of life by perturbing intestinal microbial colonization	Host-associated	Animal-associated	Animal distal gut	6	32.047796	410661	57	urban biome	34.843863	Control	10090	mouse stool sample after FMT from infant at 1 month old	animal-associated habitat	host-associated	feces	feces	Israel:Safed	TRUE	weeks	UBERON:feces	24.D7.1M	adult	24	mouse gut metagenome	mouse	UBERON:feces	UBERON:feces	2017-09-10	Mus musculus	Faculy of medicine, Bar-Ilan University	FALSE	13173
13173.25.D14.1M	Neonatal antibiotic exposure impairs child growth during the first six years of life by perturbing intestinal microbial colonization	Host-associated	Animal-associated	Animal distal gut	7	32.047796	410661	57	urban biome	34.843863	Control	10090	mouse stool sample after FMT from infant at 1 month old	animal-associated habitat	host-associated	feces	feces	Israel:Safed	TRUE	weeks	UBERON:feces	25.D14.1M	adult	25	mouse gut metagenome	mouse	UBERON:feces	UBERON:feces	2017-09-17	Mus musculus	Faculy of medicine, Bar-Ilan University	FALSE	13173
13173.25.D21.1M	Neonatal antibiotic exposure impairs child growth during the first six years of life by perturbing intestinal microbial colonization	Host-associated	Animal-associated	Animal distal gut	8	32.047796	410661	57	urban biome	34.843863	Control	10090	mouse stool sample after FMT from infant at 1 month old	animal-associated habitat	host-associated	feces	feces	Israel:Safed	TRUE	weeks	UBERON:feces	25.D21.1M	adult	25	mouse gut metagenome	mouse	UBERON:feces	UBERON:feces	2017-09-24	Mus musculus	Faculy of medicine, Bar-Ilan University	FALSE	13173
13173.25.D3.1M	Neonatal antibiotic exposure impairs child growth during the first six years of life by perturbing intestinal microbial colonization	Host-associated	Animal-associated	Animal distal gut	5	32.047796	410661	57	urban biome	34.843863	Control	10090	mouse stool sample after FMT from infant at 1 month old	animal-associated habitat	host-associated	feces	feces	Israel:Safed	TRUE	weeks	UBERON:feces	25.D3.1M	adult	25	mouse gut metagenome	mouse	UBERON:feces	UBERON:feces	2017-09-07	Mus musculus	Faculy of medicine, Bar-Ilan University	FALSE	13173
13173.25.D35.1M	Neonatal antibiotic exposure impairs child growth during the first six years of life by perturbing intestinal microbial colonization	Host-associated	Animal-associated	Animal distal gut	9	32.047796	410661	57	urban biome	34.843863	Control	10090	mouse stool sample after FMT from infant at 1 month old	animal-associated habitat	host-associated	feces	feces	Israel:Safed	TRUE	weeks	UBERON:feces	25.D35.1M	adult	25	mouse gut metagenome	mouse	UBERON:feces	UBERON:feces	2017-10-08	Mus musculus	Faculy of medicine, Bar-Ilan University	FALSE	13173
13173.25.D42.1M	Neonatal antibiotic exposure impairs child growth during the first six years of life by perturbing intestinal microbial colonization	Host-associated	Animal-associated	Animal distal gut	10	32.047796	410661	57	urban biome	34.843863	Control	10090	mouse stool sample after FMT from infant at 1 month old	animal-associated habitat	host-associated	feces	feces	Israel:Safed	TRUE	weeks	UBERON:feces	25.D42.1M	adult	25	mouse gut metagenome	mouse	UBERON:feces	UBERON:feces	2017-10-15	Mus musculus	Faculy of medicine, Bar-Ilan University	FALSE	13173
13173.25.D7.1M	Neonatal antibiotic exposure impairs child growth during the first six years of life by perturbing intestinal microbial colonization	Host-associated	Animal-associated	Animal distal gut	6	32.047796	410661	57	urban biome	34.843863	Control	10090	mouse stool sample after FMT from infant at 1 month old	animal-associated habitat	host-associated	feces	feces	Israel:Safed	TRUE	weeks	UBERON:feces	25.D7.1M	adult	25	mouse gut metagenome	mouse	UBERON:feces	UBERON:feces	2017-09-10	Mus musculus	Faculy of medicine, Bar-Ilan University	FALSE	13173
13173.26.D14.1M	Neonatal antibiotic exposure impairs child growth during the first six years of life by perturbing intestinal microbial colonization	Host-associated	Animal-associated	Animal distal gut	7	32.047796	410661	57	urban biome	34.843863	Control	10090	mouse stool sample after FMT from infant at 1 month old	animal-associated habitat	host-associated	feces	feces	Israel:Safed	TRUE	weeks	UBERON:feces	26.D14.1M	adult	26	mouse gut metagenome	mouse	UBERON:feces	UBERON:feces	2017-09-17	Mus musculus	Faculy of medicine, Bar-Ilan University	FALSE	13173
13173.26.D21.1M	Neonatal antibiotic exposure impairs child growth during the first six years of life by perturbing intestinal microbial colonization	Host-associated	Animal-associated	Animal distal gut	8	32.047796	410661	57	urban biome	34.843863	Control	10090	mouse stool sample after FMT from infant at 1 month old	animal-associated habitat	host-associated	feces	feces	Israel:Safed	TRUE	weeks	UBERON:feces	26.D21.1M	adult	26	mouse gut metagenome	mouse	UBERON:feces	UBERON:feces	2017-09-24	Mus musculus	Faculy of medicine, Bar-Ilan University	FALSE	13173
13173.26.D3.1M	Neonatal antibiotic exposure impairs child growth during the first six years of life by perturbing intestinal microbial colonization	Host-associated	Animal-associated	Animal distal gut	5	32.047796	410661	57	urban biome	34.843863	Control	10090	mouse stool sample after FMT from infant at 1 month old	animal-associated habitat	host-associated	feces	feces	Israel:Safed	TRUE	weeks	UBERON:feces	26.D3.1M	adult	26	mouse gut metagenome	mouse	UBERON:feces	UBERON:feces	2017-09-07	Mus musculus	Faculy of medicine, Bar-Ilan University	FALSE	13173
13173.26.D35.1M	Neonatal antibiotic exposure impairs child growth during the first six years of life by perturbing intestinal microbial colonization	Host-associated	Animal-associated	Animal distal gut	9	32.047796	410661	57	urban biome	34.843863	Control	10090	mouse stool sample after FMT from infant at 1 month old	animal-associated habitat	host-associated	feces	feces	Israel:Safed	TRUE	weeks	UBERON:feces	26.D35.1M	adult	26	mouse gut metagenome	mouse	UBERON:feces	UBERON:feces	2017-10-08	Mus musculus	Faculy of medicine, Bar-Ilan University	FALSE	13173
13173.26.D42.1M	Neonatal antibiotic exposure impairs child growth during the first six years of life by perturbing intestinal microbial colonization	Host-associated	Animal-associated	Animal distal gut	10	32.047796	410661	57	urban biome	34.843863	Control	10090	mouse stool sample after FMT from infant at 1 month old	animal-associated habitat	host-associated	feces	feces	Israel:Safed	TRUE	weeks	UBERON:feces	26.D42.1M	adult	26	mouse gut metagenome	mouse	UBERON:feces	UBERON:feces	2017-10-15	Mus musculus	Faculy of medicine, Bar-Ilan University	FALSE	13173
13173.26.D7.1M	Neonatal antibiotic exposure impairs child growth during the first six years of life by perturbing intestinal microbial colonization	Host-associated	Animal-associated	Animal distal gut	6	32.047796	410661	57	urban biome	34.843863	Control	10090	mouse stool sample after FMT from infant at 1 month old	animal-associated habitat	host-associated	feces	feces	Israel:Safed	TRUE	weeks	UBERON:feces	26.D7.1M	adult	26	mouse gut metagenome	mouse	UBERON:feces	UBERON:feces	2017-09-10	Mus musculus	Faculy of medicine, Bar-Ilan University	FALSE	13173
13173.27.D14.1M	Neonatal antibiotic exposure impairs child growth during the first six years of life by perturbing intestinal microbial colonization	Host-associated	Animal-associated	Animal distal gut	7	32.047796	410661	57	urban biome	34.843863	Control	10090	mouse stool sample after FMT from infant at 1 month old	animal-associated habitat	host-associated	feces	feces	Israel:Safed	TRUE	weeks	UBERON:feces	27.D14.1M	adult	27	mouse gut metagenome	mouse	UBERON:feces	UBERON:feces	2017-09-17	Mus musculus	Faculy of medicine, Bar-Ilan University	FALSE	13173
13173.27.D21.1M	Neonatal antibiotic exposure impairs child growth during the first six years of life by perturbing intestinal microbial colonization	Host-associated	Animal-associated	Animal distal gut	8	32.047796	410661	57	urban biome	34.843863	Control	10090	mouse stool sample after FMT from infant at 1 month old	animal-associated habitat	host-associated	feces	feces	Israel:Safed	TRUE	weeks	UBERON:feces	27.D21.1M	adult	27	mouse gut metagenome	mouse	UBERON:feces	UBERON:feces	2017-09-24	Mus musculus	Faculy of medicine, Bar-Ilan University	FALSE	13173
13173.27.D3.1M	Neonatal antibiotic exposure impairs child growth during the first six years of life by perturbing intestinal microbial colonization	Host-associated	Animal-associated	Animal distal gut	5	32.047796	410661	57	urban biome	34.843863	Control	10090	mouse stool sample after FMT from infant at 1 month old	animal-associated habitat	host-associated	feces	feces	Israel:Safed	TRUE	weeks	UBERON:feces	27.D3.1M	adult	27	mouse gut metagenome	mouse	UBERON:feces	UBERON:feces	2017-09-07	Mus musculus	Faculy of medicine, Bar-Ilan University	FALSE	13173
13173.27.D35.1M	Neonatal antibiotic exposure impairs child growth during the first six years of life by perturbing intestinal microbial colonization	Host-associated	Animal-associated	Animal distal gut	9	32.047796	410661	57	urban biome	34.843863	Control	10090	mouse stool sample after FMT from infant at 1 month old	animal-associated habitat	host-associated	feces	feces	Israel:Safed	TRUE	weeks	UBERON:feces	27.D35.1M	adult	27	mouse gut metagenome	mouse	UBERON:feces	UBERON:feces	2017-10-08	Mus musculus	Faculy of medicine, Bar-Ilan University	FALSE	13173
13173.27.D42.1M	Neonatal antibiotic exposure impairs child growth during the first six years of life by perturbing intestinal microbial colonization	Host-associated	Animal-associated	Animal distal gut	10	32.047796	410661	57	urban biome	34.843863	Control	10090	mouse stool sample after FMT from infant at 1 month old	animal-associated habitat	host-associated	feces	feces	Israel:Safed	TRUE	weeks	UBERON:feces	27.D42.1M	adult	27	mouse gut metagenome	mouse	UBERON:feces	UBERON:feces	2017-10-15	Mus musculus	Faculy of medicine, Bar-Ilan University	FALSE	13173
13173.27.D7.1M	Neonatal antibiotic exposure impairs child growth during the first six years of life by perturbing intestinal microbial colonization	Host-associated	Animal-associated	Animal distal gut	6	32.047796	410661	57	urban biome	34.843863	Control	10090	mouse stool sample after FMT from infant at 1 month old	animal-associated habitat	host-associated	feces	feces	Israel:Safed	TRUE	weeks	UBERON:feces	27.D7.1M	adult	27	mouse gut metagenome	mouse	UBERON:feces	UBERON:feces	2017-09-10	Mus musculus	Faculy of medicine, Bar-Ilan University	FALSE	13173
13173.28.D14.1M	Neonatal antibiotic exposure impairs child growth during the first six years of life by perturbing intestinal microbial colonization	Host-associated	Animal-associated	Animal distal gut	7	32.047796	410661	57	urban biome	34.843863	Control	10090	mouse stool sample after FMT from infant at 1 month old	animal-associated habitat	host-associated	feces	feces	Israel:Safed	TRUE	weeks	UBERON:feces	28.D14.1M	adult	28	mouse gut metagenome	mouse	UBERON:feces	UBERON:feces	2017-09-17	Mus musculus	Faculy of medicine, Bar-Ilan University	FALSE	13173
13173.28.D21.1M	Neonatal antibiotic exposure impairs child growth during the first six years of life by perturbing intestinal microbial colonization	Host-associated	Animal-associated	Animal distal gut	8	32.047796	410661	57	urban biome	34.843863	Control	10090	mouse stool sample after FMT from infant at 1 month old	animal-associated habitat	host-associated	feces	feces	Israel:Safed	TRUE	weeks	UBERON:feces	28.D21.1M	adult	28	mouse gut metagenome	mouse	UBERON:feces	UBERON:feces	2017-09-24	Mus musculus	Faculy of medicine, Bar-Ilan University	FALSE	13173
13173.28.D3.1M	Neonatal antibiotic exposure impairs child growth during the first six years of life by perturbing intestinal microbial colonization	Host-associated	Animal-associated	Animal distal gut	5	32.047796	410661	57	urban biome	34.843863	Control	10090	mouse stool sample after FMT from infant at 1 month old	animal-associated habitat	host-associated	feces	feces	Israel:Safed	TRUE	weeks	UBERON:feces	28.D3.1M	adult	28	mouse gut metagenome	mouse	UBERON:feces	UBERON:feces	2017-09-07	Mus musculus	Faculy of medicine, Bar-Ilan University	FALSE	13173
13173.28.D35.1M	Neonatal antibiotic exposure impairs child growth during the first six years of life by perturbing intestinal microbial colonization	Host-associated	Animal-associated	Animal distal gut	9	32.047796	410661	57	urban biome	34.843863	Control	10090	mouse stool sample after FMT from infant at 1 month old	animal-associated habitat	host-associated	feces	feces	Israel:Safed	TRUE	weeks	UBERON:feces	28.D35.1M	adult	28	mouse gut metagenome	mouse	UBERON:feces	UBERON:feces	2017-10-08	Mus musculus	Faculy of medicine, Bar-Ilan University	FALSE	13173
13173.28.D42.1M	Neonatal antibiotic exposure impairs child growth during the first six years of life by perturbing intestinal microbial colonization	Host-associated	Animal-associated	Animal distal gut	10	32.047796	410661	57	urban biome	34.843863	Control	10090	mouse stool sample after FMT from infant at 1 month old	animal-associated habitat	host-associated	feces	feces	Israel:Safed	TRUE	weeks	UBERON:feces	28.D42.1M	adult	28	mouse gut metagenome	mouse	UBERON:feces	UBERON:feces	2017-10-15	Mus musculus	Faculy of medicine, Bar-Ilan University	FALSE	13173
13173.28.D7.1M	Neonatal antibiotic exposure impairs child growth during the first six years of life by perturbing intestinal microbial colonization	Host-associated	Animal-associated	Animal distal gut	6	32.047796	410661	57	urban biome	34.843863	Control	10090	mouse stool sample after FMT from infant at 1 month old	animal-associated habitat	host-associated	feces	feces	Israel:Safed	TRUE	weeks	UBERON:feces	28.D7.1M	adult	28	mouse gut metagenome	mouse	UBERON:feces	UBERON:feces	2017-09-10	Mus musculus	Faculy of medicine, Bar-Ilan University	FALSE	13173
13173.29.D14.1M	Neonatal antibiotic exposure impairs child growth during the first six years of life by perturbing intestinal microbial colonization	Host-associated	Animal-associated	Animal distal gut	7	32.047796	410661	57	urban biome	34.843863	Control	10090	mouse stool sample after FMT from infant at 1 month old	animal-associated habitat	host-associated	feces	feces	Israel:Safed	TRUE	weeks	UBERON:feces	29.D14.1M	adult	29	mouse gut metagenome	mouse	UBERON:feces	UBERON:feces	2017-09-17	Mus musculus	Faculy of medicine, Bar-Ilan University	FALSE	13173
13173.29.D21.1M	Neonatal antibiotic exposure impairs child growth during the first six years of life by perturbing intestinal microbial colonization	Host-associated	Animal-associated	Animal distal gut	8	32.047796	410661	57	urban biome	34.843863	Control	10090	mouse stool sample after FMT from infant at 1 month old	animal-associated habitat	host-associated	feces	feces	Israel:Safed	TRUE	weeks	UBERON:feces	29.D21.1M	adult	29	mouse gut metagenome	mouse	UBERON:feces	UBERON:feces	2017-09-24	Mus musculus	Faculy of medicine, Bar-Ilan University	FALSE	13173
13173.29.D3.1M	Neonatal antibiotic exposure impairs child growth during the first six years of life by perturbing intestinal microbial colonization	Host-associated	Animal-associated	Animal distal gut	5	32.047796	410661	57	urban biome	34.843863	Control	10090	mouse stool sample after FMT from infant at 1 month old	animal-associated habitat	host-associated	feces	feces	Israel:Safed	TRUE	weeks	UBERON:feces	29.D3.1M	adult	29	mouse gut metagenome	mouse	UBERON:feces	UBERON:feces	2017-09-07	Mus musculus	Faculy of medicine, Bar-Ilan University	FALSE	13173
13173.29.D35.1M	Neonatal antibiotic exposure impairs child growth during the first six years of life by perturbing intestinal microbial colonization	Host-associated	Animal-associated	Animal distal gut	9	32.047796	410661	57	urban biome	34.843863	Control	10090	mouse stool sample after FMT from infant at 1 month old	animal-associated habitat	host-associated	feces	feces	Israel:Safed	TRUE	weeks	UBERON:feces	29.D35.1M	adult	29	mouse gut metagenome	mouse	UBERON:feces	UBERON:feces	2017-10-08	Mus musculus	Faculy of medicine, Bar-Ilan University	FALSE	13173
13173.29.D42.1M	Neonatal antibiotic exposure impairs child growth during the first six years of life by perturbing intestinal microbial colonization	Host-associated	Animal-associated	Animal distal gut	10	32.047796	410661	57	urban biome	34.843863	Control	10090	mouse stool sample after FMT from infant at 1 month old	animal-associated habitat	host-associated	feces	feces	Israel:Safed	TRUE	weeks	UBERON:feces	29.D42.1M	adult	29	mouse gut metagenome	mouse	UBERON:feces	UBERON:feces	2017-10-15	Mus musculus	Faculy of medicine, Bar-Ilan University	FALSE	13173
13173.29.D7.1M	Neonatal antibiotic exposure impairs child growth during the first six years of life by perturbing intestinal microbial colonization	Host-associated	Animal-associated	Animal distal gut	6	32.047796	410661	57	urban biome	34.843863	Control	10090	mouse stool sample after FMT from infant at 1 month old	animal-associated habitat	host-associated	feces	feces	Israel:Safed	TRUE	weeks	UBERON:feces	29.D7.1M	adult	29	mouse gut metagenome	mouse	UBERON:feces	UBERON:feces	2017-09-10	Mus musculus	Faculy of medicine, Bar-Ilan University	FALSE	13173
13173.3.D3.1M	Neonatal antibiotic exposure impairs child growth during the first six years of life by perturbing intestinal microbial colonization	Host-associated	Animal-associated	Animal distal gut	5	32.047796	410661	57	urban biome	34.843863	Abx	10090	mouse stool sample after FMT from infant at 1 month old	animal-associated habitat	host-associated	feces	feces	Israel:Safed	TRUE	weeks	UBERON:feces	3.D3.1M	adult	3	mouse gut metagenome	mouse	UBERON:feces	UBERON:feces	2017-09-07	Mus musculus	Faculy of medicine, Bar-Ilan University	FALSE	13173
13173.3.D7.1M	Neonatal antibiotic exposure impairs child growth during the first six years of life by perturbing intestinal microbial colonization	Host-associated	Animal-associated	Animal distal gut	6	32.047796	410661	57	urban biome	34.843863	Abx	10090	mouse stool sample after FMT from infant at 1 month old	animal-associated habitat	host-associated	feces	feces	Israel:Safed	TRUE	weeks	UBERON:feces	3.D7.1M	adult	3	mouse gut metagenome	mouse	UBERON:feces	UBERON:feces	2017-09-10	Mus musculus	Faculy of medicine, Bar-Ilan University	FALSE	13173
13173.30.D14.1M	Neonatal antibiotic exposure impairs child growth during the first six years of life by perturbing intestinal microbial colonization	Host-associated	Animal-associated	Animal distal gut	7	32.047796	410661	57	urban biome	34.843863	Control	10090	mouse stool sample after FMT from infant at 1 month old	animal-associated habitat	host-associated	feces	feces	Israel:Safed	TRUE	weeks	UBERON:feces	30.D14.1M	adult	30	mouse gut metagenome	mouse	UBERON:feces	UBERON:feces	2017-09-17	Mus musculus	Faculy of medicine, Bar-Ilan University	FALSE	13173
13173.30.D21.1M	Neonatal antibiotic exposure impairs child growth during the first six years of life by perturbing intestinal microbial colonization	Host-associated	Animal-associated	Animal distal gut	8	32.047796	410661	57	urban biome	34.843863	Control	10090	mouse stool sample after FMT from infant at 1 month old	animal-associated habitat	host-associated	feces	feces	Israel:Safed	TRUE	weeks	UBERON:feces	30.D21.1M	adult	30	mouse gut metagenome	mouse	UBERON:feces	UBERON:feces	2017-09-24	Mus musculus	Faculy of medicine, Bar-Ilan University	FALSE	13173
13173.30.D3.1M	Neonatal antibiotic exposure impairs child growth during the first six years of life by perturbing intestinal microbial colonization	Host-associated	Animal-associated	Animal distal gut	5	32.047796	410661	57	urban biome	34.843863	Control	10090	mouse stool sample after FMT from infant at 1 month old	animal-associated habitat	host-associated	feces	feces	Israel:Safed	TRUE	weeks	UBERON:feces	30.D3.1M	adult	30	mouse gut metagenome	mouse	UBERON:feces	UBERON:feces	2017-09-07	Mus musculus	Faculy of medicine, Bar-Ilan University	FALSE	13173
13173.30.D35.1M	Neonatal antibiotic exposure impairs child growth during the first six years of life by perturbing intestinal microbial colonization	Host-associated	Animal-associated	Animal distal gut	9	32.047796	410661	57	urban biome	34.843863	Control	10090	mouse stool sample after FMT from infant at 1 month old	animal-associated habitat	host-associated	feces	feces	Israel:Safed	TRUE	weeks	UBERON:feces	30.D35.1M	adult	30	mouse gut metagenome	mouse	UBERON:feces	UBERON:feces	2017-10-08	Mus musculus	Faculy of medicine, Bar-Ilan University	FALSE	13173
13173.30.D42.1M	Neonatal antibiotic exposure impairs child growth during the first six years of life by perturbing intestinal microbial colonization	Host-associated	Animal-associated	Animal distal gut	10	32.047796	410661	57	urban biome	34.843863	Control	10090	mouse stool sample after FMT from infant at 1 month old	animal-associated habitat	host-associated	feces	feces	Israel:Safed	TRUE	weeks	UBERON:feces	30.D42.1M	adult	30	mouse gut metagenome	mouse	UBERON:feces	UBERON:feces	2017-10-15	Mus musculus	Faculy of medicine, Bar-Ilan University	FALSE	13173
13173.30.D7.1M	Neonatal antibiotic exposure impairs child growth during the first six years of life by perturbing intestinal microbial colonization	Host-associated	Animal-associated	Animal distal gut	6	32.047796	410661	57	urban biome	34.843863	Control	10090	mouse stool sample after FMT from infant at 1 month old	animal-associated habitat	host-associated	feces	feces	Israel:Safed	TRUE	weeks	UBERON:feces	30.D7.1M	adult	30	mouse gut metagenome	mouse	UBERON:feces	UBERON:feces	2017-09-10	Mus musculus	Faculy of medicine, Bar-Ilan University	FALSE	13173
13173.4.D14.1M	Neonatal antibiotic exposure impairs child growth during the first six years of life by perturbing intestinal microbial colonization	Host-associated	Animal-associated	Animal distal gut	7	32.047796	410661	57	urban biome	34.843863	Abx	10090	mouse stool sample after FMT from infant at 1 month old	animal-associated habitat	host-associated	feces	feces	Israel:Safed	TRUE	weeks	UBERON:feces	4.D14.1M	adult	4	mouse gut metagenome	mouse	UBERON:feces	UBERON:feces	2017-09-17	Mus musculus	Faculy of medicine, Bar-Ilan University	FALSE	13173
13173.4.D21.1M	Neonatal antibiotic exposure impairs child growth during the first six years of life by perturbing intestinal microbial colonization	Host-associated	Animal-associated	Animal distal gut	8	32.047796	410661	57	urban biome	34.843863	Abx	10090	mouse stool sample after FMT from infant at 1 month old	animal-associated habitat	host-associated	feces	feces	Israel:Safed	TRUE	weeks	UBERON:feces	4.D21.1M	adult	4	mouse gut metagenome	mouse	UBERON:feces	UBERON:feces	2017-09-24	Mus musculus	Faculy of medicine, Bar-Ilan University	FALSE	13173
13173.4.D3.1M	Neonatal antibiotic exposure impairs child growth during the first six years of life by perturbing intestinal microbial colonization	Host-associated	Animal-associated	Animal distal gut	5	32.047796	410661	57	urban biome	34.843863	Abx	10090	mouse stool sample after FMT from infant at 1 month old	animal-associated habitat	host-associated	feces	feces	Israel:Safed	TRUE	weeks	UBERON:feces	4.D3.1M	adult	4	mouse gut metagenome	mouse	UBERON:feces	UBERON:feces	2017-09-07	Mus musculus	Faculy of medicine, Bar-Ilan University	FALSE	13173
13173.4.D35.1M	Neonatal antibiotic exposure impairs child growth during the first six years of life by perturbing intestinal microbial colonization	Host-associated	Animal-associated	Animal distal gut	9	32.047796	410661	57	urban biome	34.843863	Abx	10090	mouse stool sample after FMT from infant at 1 month old	animal-associated habitat	host-associated	feces	feces	Israel:Safed	TRUE	weeks	UBERON:feces	4.D35.1M	adult	45	mouse gut metagenome	mouse	UBERON:feces	UBERON:feces	2017-10-08	Mus musculus	Faculy of medicine, Bar-Ilan University	FALSE	13173
13173.4.D42.1M	Neonatal antibiotic exposure impairs child growth during the first six years of life by perturbing intestinal microbial colonization	Host-associated	Animal-associated	Animal distal gut	10	32.047796	410661	57	urban biome	34.843863	Abx	10090	mouse stool sample after FMT from infant at 1 month old	animal-associated habitat	host-associated	feces	feces	Israel:Safed	TRUE	weeks	UBERON:feces	4.D42.1M	adult	4	mouse gut metagenome	mouse	UBERON:feces	UBERON:feces	2017-10-15	Mus musculus	Faculy of medicine, Bar-Ilan University	FALSE	13173
13173.4.D7.1M	Neonatal antibiotic exposure impairs child growth during the first six years of life by perturbing intestinal microbial colonization	Host-associated	Animal-associated	Animal distal gut	6	32.047796	410661	57	urban biome	34.843863	Abx	10090	mouse stool sample after FMT from infant at 1 month old	animal-associated habitat	host-associated	feces	feces	Israel:Safed	TRUE	weeks	UBERON:feces	4.D7.1M	adult	4	mouse gut metagenome	mouse	UBERON:feces	UBERON:feces	2017-09-10	Mus musculus	Faculy of medicine, Bar-Ilan University	FALSE	13173
13173.5.D14.1M	Neonatal antibiotic exposure impairs child growth during the first six years of life by perturbing intestinal microbial colonization	Host-associated	Animal-associated	Animal distal gut	7	32.047796	410661	57	urban biome	34.843863	Abx	10090	mouse stool sample after FMT from infant at 1 month old	animal-associated habitat	host-associated	feces	feces	Israel:Safed	TRUE	weeks	UBERON:feces	5.D14.1M	adult	5	mouse gut metagenome	mouse	UBERON:feces	UBERON:feces	2017-09-17	Mus musculus	Faculy of medicine, Bar-Ilan University	FALSE	13173
13173.5.D21.1M	Neonatal antibiotic exposure impairs child growth during the first six years of life by perturbing intestinal microbial colonization	Host-associated	Animal-associated	Animal distal gut	8	32.047796	410661	57	urban biome	34.843863	Abx	10090	mouse stool sample after FMT from infant at 1 month old	animal-associated habitat	host-associated	feces	feces	Israel:Safed	TRUE	weeks	UBERON:feces	5.D21.1M	adult	5	mouse gut metagenome	mouse	UBERON:feces	UBERON:feces	2017-09-24	Mus musculus	Faculy of medicine, Bar-Ilan University	FALSE	13173
13173.5.D3.1M	Neonatal antibiotic exposure impairs child growth during the first six years of life by perturbing intestinal microbial colonization	Host-associated	Animal-associated	Animal distal gut	5	32.047796	410661	57	urban biome	34.843863	Abx	10090	mouse stool sample after FMT from infant at 1 month old	animal-associated habitat	host-associated	feces	feces	Israel:Safed	TRUE	weeks	UBERON:feces	5.D3.1M	adult	5	mouse gut metagenome	mouse	UBERON:feces	UBERON:feces	2017-09-07	Mus musculus	Faculy of medicine, Bar-Ilan University	FALSE	13173
13173.5.D35.1M	Neonatal antibiotic exposure impairs child growth during the first six years of life by perturbing intestinal microbial colonization	Host-associated	Animal-associated	Animal distal gut	9	32.047796	410661	57	urban biome	34.843863	Abx	10090	mouse stool sample after FMT from infant at 1 month old	animal-associated habitat	host-associated	feces	feces	Israel:Safed	TRUE	weeks	UBERON:feces	5.D35.1M	adult	55	mouse gut metagenome	mouse	UBERON:feces	UBERON:feces	2017-10-08	Mus musculus	Faculy of medicine, Bar-Ilan University	FALSE	13173
13173.5.D42.1M	Neonatal antibiotic exposure impairs child growth during the first six years of life by perturbing intestinal microbial colonization	Host-associated	Animal-associated	Animal distal gut	10	32.047796	410661	57	urban biome	34.843863	Abx	10090	mouse stool sample after FMT from infant at 1 month old	animal-associated habitat	host-associated	feces	feces	Israel:Safed	TRUE	weeks	UBERON:feces	5.D42.1M	adult	5	mouse gut metagenome	mouse	UBERON:feces	UBERON:feces	2017-10-15	Mus musculus	Faculy of medicine, Bar-Ilan University	FALSE	13173
13173.5.D7.1M	Neonatal antibiotic exposure impairs child growth during the first six years of life by perturbing intestinal microbial colonization	Host-associated	Animal-associated	Animal distal gut	6	32.047796	410661	57	urban biome	34.843863	Abx	10090	mouse stool sample after FMT from infant at 1 month old	animal-associated habitat	host-associated	feces	feces	Israel:Safed	TRUE	weeks	UBERON:feces	5.D7.1M	adult	5	mouse gut metagenome	mouse	UBERON:feces	UBERON:feces	2017-09-10	Mus musculus	Faculy of medicine, Bar-Ilan University	FALSE	13173
13173.6.D14.1M	Neonatal antibiotic exposure impairs child growth during the first six years of life by perturbing intestinal microbial colonization	Host-associated	Animal-associated	Animal distal gut	7	32.047796	410661	57	urban biome	34.843863	Abx	10090	mouse stool sample after FMT from infant at 1 month old	animal-associated habitat	host-associated	feces	feces	Israel:Safed	TRUE	weeks	UBERON:feces	6.D14.1M	adult	6	mouse gut metagenome	mouse	UBERON:feces	UBERON:feces	2017-09-17	Mus musculus	Faculy of medicine, Bar-Ilan University	FALSE	13173
13173.6.D21.1M	Neonatal antibiotic exposure impairs child growth during the first six years of life by perturbing intestinal microbial colonization	Host-associated	Animal-associated	Animal distal gut	8	32.047796	410661	57	urban biome	34.843863	Abx	10090	mouse stool sample after FMT from infant at 1 month old	animal-associated habitat	host-associated	feces	feces	Israel:Safed	TRUE	weeks	UBERON:feces	6.D21.1M	adult	6	mouse gut metagenome	mouse	UBERON:feces	UBERON:feces	2017-09-24	Mus musculus	Faculy of medicine, Bar-Ilan University	FALSE	13173
13173.6.D3.1M	Neonatal antibiotic exposure impairs child growth during the first six years of life by perturbing intestinal microbial colonization	Host-associated	Animal-associated	Animal distal gut	5	32.047796	410661	57	urban biome	34.843863	Abx	10090	mouse stool sample after FMT from infant at 1 month old	animal-associated habitat	host-associated	feces	feces	Israel:Safed	TRUE	weeks	UBERON:feces	6.D3.1M	adult	6	mouse gut metagenome	mouse	UBERON:feces	UBERON:feces	2017-09-07	Mus musculus	Faculy of medicine, Bar-Ilan University	FALSE	13173
13173.6.D35.1M	Neonatal antibiotic exposure impairs child growth during the first six years of life by perturbing intestinal microbial colonization	Host-associated	Animal-associated	Animal distal gut	9	32.047796	410661	57	urban biome	34.843863	Abx	10090	mouse stool sample after FMT from infant at 1 month old	animal-associated habitat	host-associated	feces	feces	Israel:Safed	TRUE	weeks	UBERON:feces	6.D35.1M	adult	65	mouse gut metagenome	mouse	UBERON:feces	UBERON:feces	2017-10-08	Mus musculus	Faculy of medicine, Bar-Ilan University	FALSE	13173
13173.6.D42.1M	Neonatal antibiotic exposure impairs child growth during the first six years of life by perturbing intestinal microbial colonization	Host-associated	Animal-associated	Animal distal gut	10	32.047796	410661	57	urban biome	34.843863	Abx	10090	mouse stool sample after FMT from infant at 1 month old	animal-associated habitat	host-associated	feces	feces	Israel:Safed	TRUE	weeks	UBERON:feces	6.D42.1M	adult	6	mouse gut metagenome	mouse	UBERON:feces	UBERON:feces	2017-10-15	Mus musculus	Faculy of medicine, Bar-Ilan University	FALSE	13173
13173.6.D7.1M	Neonatal antibiotic exposure impairs child growth during the first six years of life by perturbing intestinal microbial colonization	Host-associated	Animal-associated	Animal distal gut	6	32.047796	410661	57	urban biome	34.843863	Abx	10090	mouse stool sample after FMT from infant at 1 month old	animal-associated habitat	host-associated	feces	feces	Israel:Safed	TRUE	weeks	UBERON:feces	6.D7.1M	adult	6	mouse gut metagenome	mouse	UBERON:feces	UBERON:feces	2017-09-10	Mus musculus	Faculy of medicine, Bar-Ilan University	FALSE	13173
13173.7.D14.1M	Neonatal antibiotic exposure impairs child growth during the first six years of life by perturbing intestinal microbial colonization	Host-associated	Animal-associated	Animal distal gut	7	32.047796	410661	57	urban biome	34.843863	Abx	10090	mouse stool sample after FMT from infant at 1 month old	animal-associated habitat	host-associated	feces	feces	Israel:Safed	TRUE	weeks	UBERON:feces	7.D14.1M	adult	7	mouse gut metagenome	mouse	UBERON:feces	UBERON:feces	2017-09-17	Mus musculus	Faculy of medicine, Bar-Ilan University	FALSE	13173
13173.7.D21.1M	Neonatal antibiotic exposure impairs child growth during the first six years of life by perturbing intestinal microbial colonization	Host-associated	Animal-associated	Animal distal gut	8	32.047796	410661	57	urban biome	34.843863	Abx	10090	mouse stool sample after FMT from infant at 1 month old	animal-associated habitat	host-associated	feces	feces	Israel:Safed	TRUE	weeks	UBERON:feces	7.D21.1M	adult	7	mouse gut metagenome	mouse	UBERON:feces	UBERON:feces	2017-09-24	Mus musculus	Faculy of medicine, Bar-Ilan University	FALSE	13173
13173.7.D3.1M	Neonatal antibiotic exposure impairs child growth during the first six years of life by perturbing intestinal microbial colonization	Host-associated	Animal-associated	Animal distal gut	5	32.047796	410661	57	urban biome	34.843863	Abx	10090	mouse stool sample after FMT from infant at 1 month old	animal-associated habitat	host-associated	feces	feces	Israel:Safed	TRUE	weeks	UBERON:feces	7.D3.1M	adult	7	mouse gut metagenome	mouse	UBERON:feces	UBERON:feces	2017-09-07	Mus musculus	Faculy of medicine, Bar-Ilan University	FALSE	13173
13173.7.D35.1M	Neonatal antibiotic exposure impairs child growth during the first six years of life by perturbing intestinal microbial colonization	Host-associated	Animal-associated	Animal distal gut	9	32.047796	410661	57	urban biome	34.843863	Abx	10090	mouse stool sample after FMT from infant at 1 month old	animal-associated habitat	host-associated	feces	feces	Israel:Safed	TRUE	weeks	UBERON:feces	7.D35.1M	adult	75	mouse gut metagenome	mouse	UBERON:feces	UBERON:feces	2017-10-08	Mus musculus	Faculy of medicine, Bar-Ilan University	FALSE	13173
13173.7.D42.1M	Neonatal antibiotic exposure impairs child growth during the first six years of life by perturbing intestinal microbial colonization	Host-associated	Animal-associated	Animal distal gut	10	32.047796	410661	57	urban biome	34.843863	Abx	10090	mouse stool sample after FMT from infant at 1 month old	animal-associated habitat	host-associated	feces	feces	Israel:Safed	TRUE	weeks	UBERON:feces	7.D42.1M	adult	7	mouse gut metagenome	mouse	UBERON:feces	UBERON:feces	2017-10-15	Mus musculus	Faculy of medicine, Bar-Ilan University	FALSE	13173
13173.7.D7.1M	Neonatal antibiotic exposure impairs child growth during the first six years of life by perturbing intestinal microbial colonization	Host-associated	Animal-associated	Animal distal gut	6	32.047796	410661	57	urban biome	34.843863	Abx	10090	mouse stool sample after FMT from infant at 1 month old	animal-associated habitat	host-associated	feces	feces	Israel:Safed	TRUE	weeks	UBERON:feces	7.D7.1M	adult	7	mouse gut metagenome	mouse	UBERON:feces	UBERON:feces	2017-09-10	Mus musculus	Faculy of medicine, Bar-Ilan University	FALSE	13173
13173.8.D14.1M	Neonatal antibiotic exposure impairs child growth during the first six years of life by perturbing intestinal microbial colonization	Host-associated	Animal-associated	Animal distal gut	7	32.047796	410661	57	urban biome	34.843863	Abx	10090	mouse stool sample after FMT from infant at 1 month old	animal-associated habitat	host-associated	feces	feces	Israel:Safed	TRUE	weeks	UBERON:feces	8.D14.1M	adult	8	mouse gut metagenome	mouse	UBERON:feces	UBERON:feces	2017-09-17	Mus musculus	Faculy of medicine, Bar-Ilan University	FALSE	13173
13173.8.D21.1M	Neonatal antibiotic exposure impairs child growth during the first six years of life by perturbing intestinal microbial colonization	Host-associated	Animal-associated	Animal distal gut	8	32.047796	410661	57	urban biome	34.843863	Abx	10090	mouse stool sample after FMT from infant at 1 month old	animal-associated habitat	host-associated	feces	feces	Israel:Safed	TRUE	weeks	UBERON:feces	8.D21.1M	adult	8	mouse gut metagenome	mouse	UBERON:feces	UBERON:feces	2017-09-24	Mus musculus	Faculy of medicine, Bar-Ilan University	FALSE	13173
13173.8.D3.1M	Neonatal antibiotic exposure impairs child growth during the first six years of life by perturbing intestinal microbial colonization	Host-associated	Animal-associated	Animal distal gut	5	32.047796	410661	57	urban biome	34.843863	Abx	10090	mouse stool sample after FMT from infant at 1 month old	animal-associated habitat	host-associated	feces	feces	Israel:Safed	TRUE	weeks	UBERON:feces	8.D3.1M	adult	8	mouse gut metagenome	mouse	UBERON:feces	UBERON:feces	2017-09-07	Mus musculus	Faculy of medicine, Bar-Ilan University	FALSE	13173
13173.8.D35.1M	Neonatal antibiotic exposure impairs child growth during the first six years of life by perturbing intestinal microbial colonization	Host-associated	Animal-associated	Animal distal gut	9	32.047796	410661	57	urban biome	34.843863	Abx	10090	mouse stool sample after FMT from infant at 1 month old	animal-associated habitat	host-associated	feces	feces	Israel:Safed	TRUE	weeks	UBERON:feces	8.D35.1M	adult	85	mouse gut metagenome	mouse	UBERON:feces	UBERON:feces	2017-10-08	Mus musculus	Faculy of medicine, Bar-Ilan University	FALSE	13173
13173.8.D42.1M	Neonatal antibiotic exposure impairs child growth during the first six years of life by perturbing intestinal microbial colonization	Host-associated	Animal-associated	Animal distal gut	10	32.047796	410661	57	urban biome	34.843863	Abx	10090	mouse stool sample after FMT from infant at 1 month old	animal-associated habitat	host-associated	feces	feces	Israel:Safed	TRUE	weeks	UBERON:feces	8.D42.1M	adult	8	mouse gut metagenome	mouse	UBERON:feces	UBERON:feces	2017-10-15	Mus musculus	Faculy of medicine, Bar-Ilan University	FALSE	13173
13173.8.D7.1M	Neonatal antibiotic exposure impairs child growth during the first six years of life by perturbing intestinal microbial colonization	Host-associated	Animal-associated	Animal distal gut	6	32.047796	410661	57	urban biome	34.843863	Abx	10090	mouse stool sample after FMT from infant at 1 month old	animal-associated habitat	host-associated	feces	feces	Israel:Safed	TRUE	weeks	UBERON:feces	8.D7.1M	adult	8	mouse gut metagenome	mouse	UBERON:feces	UBERON:feces	2017-09-10	Mus musculus	Faculy of medicine, Bar-Ilan University	FALSE	13173
13173.9.D14.1M	Neonatal antibiotic exposure impairs child growth during the first six years of life by perturbing intestinal microbial colonization	Host-associated	Animal-associated	Animal distal gut	7	32.047796	410661	57	urban biome	34.843863	Abx	10090	mouse stool sample after FMT from infant at 1 month old	animal-associated habitat	host-associated	feces	feces	Israel:Safed	TRUE	weeks	UBERON:feces	9.D14.1M	adult	9	mouse gut metagenome	mouse	UBERON:feces	UBERON:feces	2017-09-17	Mus musculus	Faculy of medicine, Bar-Ilan University	FALSE	13173
13173.9.D21.1M	Neonatal antibiotic exposure impairs child growth during the first six years of life by perturbing intestinal microbial colonization	Host-associated	Animal-associated	Animal distal gut	8	32.047796	410661	57	urban biome	34.843863	Abx	10090	mouse stool sample after FMT from infant at 1 month old	animal-associated habitat	host-associated	feces	feces	Israel:Safed	TRUE	weeks	UBERON:feces	9.D21.1M	adult	9	mouse gut metagenome	mouse	UBERON:feces	UBERON:feces	2017-09-24	Mus musculus	Faculy of medicine, Bar-Ilan University	FALSE	13173
13173.9.D3.1M	Neonatal antibiotic exposure impairs child growth during the first six years of life by perturbing intestinal microbial colonization	Host-associated	Animal-associated	Animal distal gut	5	32.047796	410661	57	urban biome	34.843863	Abx	10090	mouse stool sample after FMT from infant at 1 month old	animal-associated habitat	host-associated	feces	feces	Israel:Safed	TRUE	weeks	UBERON:feces	9.D3.1M	adult	9	mouse gut metagenome	mouse	UBERON:feces	UBERON:feces	2017-09-07	Mus musculus	Faculy of medicine, Bar-Ilan University	FALSE	13173
13173.1.D14.1M	Neonatal antibiotic exposure impairs child growth during the first six years of life by perturbing intestinal microbial colonization	Host-associated	Animal-associated	Animal distal gut	7	32.047796	410661	57	urban biome	34.843863	Abx	10090	mouse stool sample after FMT from infant at 1 month old	animal-associated habitat	host-associated	feces	feces	Israel:Safed	TRUE	weeks	UBERON:feces	1.D14.1M	adult	1	mouse gut metagenome	mouse	UBERON:feces	UBERON:feces	2017-09-17	Mus musculus	Faculy of medicine, Bar-Ilan University	FALSE	13173
13173.9.D35.1M	Neonatal antibiotic exposure impairs child growth during the first six years of life by perturbing intestinal microbial colonization	Host-associated	Animal-associated	Animal distal gut	9	32.047796	410661	57	urban biome	34.843863	Abx	10090	mouse stool sample after FMT from infant at 1 month old	animal-associated habitat	host-associated	feces	feces	Israel:Safed	TRUE	weeks	UBERON:feces	9.D35.1M	adult	95	mouse gut metagenome	mouse	UBERON:feces	UBERON:feces	2017-10-08	Mus musculus	Faculy of medicine, Bar-Ilan University	FALSE	13173
13173.9.D42.1M	Neonatal antibiotic exposure impairs child growth during the first six years of life by perturbing intestinal microbial colonization	Host-associated	Animal-associated	Animal distal gut	10	32.047796	410661	57	urban biome	34.843863	Abx	10090	mouse stool sample after FMT from infant at 1 month old	animal-associated habitat	host-associated	feces	feces	Israel:Safed	TRUE	weeks	UBERON:feces	9.D42.1M	adult	9	mouse gut metagenome	mouse	UBERON:feces	UBERON:feces	2017-10-15	Mus musculus	Faculy of medicine, Bar-Ilan University	FALSE	13173
13173.9.D7.1M	Neonatal antibiotic exposure impairs child growth during the first six years of life by perturbing intestinal microbial colonization	Host-associated	Animal-associated	Animal distal gut	6	32.047796	410661	57	urban biome	34.843863	Abx	10090	mouse stool sample after FMT from infant at 1 month old	animal-associated habitat	host-associated	feces	feces	Israel:Safed	TRUE	weeks	UBERON:feces	9.D7.1M	adult	9	mouse gut metagenome	mouse	UBERON:feces	UBERON:feces	2017-09-10	Mus musculus	Faculy of medicine, Bar-Ilan University	FALSE	13173
